#,Name,Price,Area(sqft),Build_Time,Type,Location,Distance_to_MRT,Availability,Beds_num,Baths_num,Is_room,District_id,Longitude,Latitude
1,305 Tampines Street 32,950,120,1992,HDB,305 Tampines Street 32,490,Everyone Welcome,1,0,Yes,,,
2,183B Boon Lay Avenue,1100,150,2013,HDB,183B Boon Lay Avenue,940,Everyone Welcome,1,0,Yes,,,
3,102 Jurong East Street 13,600,731,1981,HDB,102 Jurong East Street 13,720,Everyone Welcome,1,0,Yes,,,
4,346 Yishun Avenue 11,1100,200,1988,HDB,346 Yishun Avenue 11,1160,Everyone Welcome,1,0,Yes,,,
5,944 Hougang Street 92,750,150,1997,HDB,944 Hougang Street 92,1210,Everyone Welcome,1,0,Yes,,,
6,558 Hougang Street 51,800,150,1990,HDB,558 Hougang Street 51,690,Everyone Welcome,1,0,Yes,,,
7,106 Bukit Purmei Road,1450,300,1983,HDB,106 Bukit Purmei Road,1180,"Female only, up to 2 pax",1,1,Yes,,,
8,123 Hougang Avenue 1,750,150,1981,HDB,123 Hougang Avenue 1,1440,Everyone Welcome,1,0,Yes,,,
9,275D Compassvale Link,1600,1001,2007,HDB,275D Compassvale Link,50,Everyone Welcome,1,0,Yes,,,
10,2A Geylang Serai,3800,1033,2010,HDB,2A Geylang Serai,750,Everyone Welcome,1,1,Yes,,,
11,381 Tampines Street 32,900,90,1993,HDB,381 Tampines Street 32,710,Female only,1,0,Yes,,,
12,125 Bishan Street 12,1000,150,1986,HDB,125 Bishan Street 12,770,Female only,1,0,Yes,,,
13,235 Bukit Batok East Avenue 5,1000,150,1984,HDB,235 Bukit Batok East Avenue 5,1140,Everyone Welcome,1,0,Yes,,,
14,513C Yishun Street 51,850,100,2017,HDB,513C Yishun Street 51,1700,Female environment,1,0,Yes,,,
15,3 Haig Road,1250,120,1975,HDB,3 Haig Road,1030,Lady or couple,1,0,Yes,,,
16,28 Ghim Moh Link,1200,120,2011,HDB,28 Ghim Moh Link,850,Everyone Welcome,1,0,Yes,,,
17,481 Segar Road,850,150,2000,HDB,481 Segar Road,480,Single lady,1,0,Yes,,,
18,138 Marsiling Road,1300,150,1995,HDB,138 Marsiling Road,1040,Everyone Welcome,1,1,Yes,,,
19,414 Tampines Street 41,1100,150,1985,HDB,414 Tampines Street 41,840,Male only,1,0,Yes,,,
20,414 Tampines Street 41,1100,150,1985,HDB,414 Tampines Street 41,840,Everyone Welcome,1,0,Yes,,,
21,208 Ang Mo Kio Avenue 1,1100,115,1975,HDB,208 Ang Mo Kio Avenue 1,500,Everyone Welcome,1,0,Yes,,,
22,167 Bedok South Avenue 3,1380,120,1985,HDB,167 Bedok South Avenue 3,760,Everyone Welcome,1,0,Yes,,,
23,241 Kim Keat Link,950,90,1988,HDB,241 Kim Keat Link,1230,Everyone Welcome,1,0,Yes,,,
24,286 Choa Chu Kang Avenue 3,490,100,1990,HDB,286 Choa Chu Kang Avenue 3,200,Everyone Welcome,1,0,Yes,,,
25,132 Simei Street 1,1100,100,1987,HDB,132 Simei Street 1,600,Female only,1,0,Yes,,,
26,122 Potong Pasir Avenue 1,1200,110,1983,HDB,122 Potong Pasir Avenue 1,660,Everyone Welcome,1,0,Yes,,,
27,517 Woodlands Drive 14,1000,150,1999,HDB,517 Woodlands Drive 14,1040,Everyone Welcome,1,0,Yes,,,
28,517 Woodlands Drive 14,1500,200,1999,HDB,517 Woodlands Drive 14,1040,Everyone Welcome,1,1,Yes,,,
29,208 Ang Mo Kio Avenue 1 (again),900,150,1975,HDB,208 Ang Mo Kio Avenue 1 (again),500,Everyone Welcome,1,0,Yes,,,
30,419 Bukit Batok West Avenue 2,688,100,1986,HDB,419 Bukit Batok West Avenue 2,1470,Female only,1,0,Yes,,,
31,172B Sengkang East Drive,1100,100,2023,HDB,172B Sengkang East Drive,910,Everyone Welcome,1,0,Yes,,,
32,327C Sumang Walk,800,100,2018,HDB,327C Sumang Walk,580,Female only,1,0,Yes,,,
33,266D Punggol Way,1550,90,2014,HDB,266D Punggol Way,150,Female only,1,1,Yes,,,
34,313A Sumang Link,800,124,2014,HDB,313A Sumang Link,450,Everyone Welcome,1,0,Yes,,,
35,108 Ang Mo Kio Avenue 4,1300,150,1978,HDB,108 Ang Mo Kio Avenue 4,350,Everyone Welcome,1,0,Yes,,,
36,616 Senja Road,800,150,2000,HDB,616 Senja Road,520,Everyone Welcome,1,0,Yes,,,
37,942 Tampines Avenue 5,950,150,1988,HDB,942 Tampines Avenue 5,720,Everyone Welcome,1,0,Yes,,,
38,318 Bukit Batok Street 32,1000,50,1984,HDB,318 Bukit Batok Street 32,830,Everyone Welcome,1,0,Yes,,,
39,257C Compassvale Road,900,150,1999,HDB,257C Compassvale Road,200,Everyone Welcome,1,0,Yes,,,
40,473D Upper Serangoon Crescent,900,100,2016,HDB,473D Upper Serangoon Crescent,1060,Everyone Welcome,1,0,Yes,,,
41,210A Clementi Avenue 6,1300,150,-,HDB,210A Clementi Avenue 6,820,Female only,1,0,Yes,,,
42,654A Jurong West Street 61,1300,129,2000,HDB,654A Jurong West Street 61,360,Everyone Welcome,1,0,Yes,,,
43,507 Bedok North Avenue 3,1200,155,1977,HDB,507 Bedok North Avenue 3,840,Everyone Welcome,1,0,Yes,,,
44,"Astoria Park, 30 Lorong Mydin",1300,100,1995,Condo,30 Lorong Mydin,170,Everyone Welcome,1,0,Yes,,,
45,"The Blossomvale, 900 Dunearn Road",1200,100,1999,Condo,900 Dunearn Road,190,Everyone Welcome,1,0,Yes,,,
46,"Parkshore, 201 Tanjong Rhu Road",2100,200,1995,Condo,201 Tanjong Rhu Road,350,Everyone Welcome,1,1,Yes,,,
47,"Coastarina, 510 East Coast Road",1400,110,2006,Condo,510 East Coast Road,870,Everyone Welcome,1,0,Yes,,,
48,"Boonview, 1 Marymount Terrace",1500,80,2003,Condo,1 Marymount Terrace,940,Everyone Welcome,1,0,Yes,,,
49,"Moonstone Residences, 25 Moonstone Lane",1580,150,2004,Apartment,25 Moonstone Lane,670,Everyone Welcome,1,0,Yes,,,
50,"Kensington Square, 2 Jalan Lokam",1650,200,2017,Apartment,2 Jalan Lokam,760,Everyone Welcome,1,1,Yes,,,
51,"Simei Green Condominium, 1 Simei Street 4",1300,120,1999,Condo,1 Simei Street 4,580,Everyone Welcome,1,0,Yes,,,
52,"Northvale, 61 Choa Chu Kang Loop",1200,120,1998,Apartment,61 Choa Chu Kang Loop,460,Everyone Welcome,1,0,Yes,,,
53,"The Plaza, 7500A Beach Road",1600,320,1979,Apartment,7500A Beach Road,490,Everyone Welcome,1,0,Yes,,,
54,"Parc Haven, 12 Lorong Limau",1380,1474,2005,Condo,12 Lorong Limau,1390,Everyone Welcome,1,0,Yes,,,
55,"Seletar Springs Condominium, 110 Gerald Drive",1800,1356,2001,Condo,110 Gerald Drive,860,Everyone Welcome,1,0,Yes,,,
56,"Bellewaters, 31 Anchorvale Crescent",1200,100,2017,Executive Condo,31 Anchorvale Crescent,320,Everyone Welcome,1,0,Yes,,,
57,"Evergreen Park, 31 Hougang Avenue 7",1500,150,1999,Apartment,31 Hougang Avenue 7,1270,Everyone Welcome,1,0,Yes,,,
58,"Royale Mansions, 5 Pulasan Road",1900,200,1992,Apartment,5 Pulasan Road,1140,Everyone Welcome,1,0,Yes,,,
59,163 Macpherson Road,1480,320,-,Apartment,163 Macpherson Road,950,Everyone Welcome,1,1,Yes,,,
60,"Tre Residences, 9 Geylang East Avenue 1",2150,200,2018,Condo,9 Geylang East Avenue 1,300,Everyone Welcome,1,1,Yes,,,
61,"Eng Apartments, 25 Lorong 25A Geylang",1200,150,1995,Apartment,25 Lorong 25A Geylang,280,Everyone Welcome,1,0,Yes,,,
62,"Far Horizon Gardens, 1 Ang Mo Kio Avenue 9",1113,130,1987,Condo, 1 Ang Mo Kio Avenue 9,420,Everyone Welcome,1,0,Yes,,,
63,"Dover Parkview, 34 Dover Rise",2400,60,1997,Condo,34 Dover Rise,880,Everyone Welcome,1,0,Yes,,,
64,"Yishun Sapphire, 40 Canberra Drive",1300,150,2002,Condo, 40 Canberra Drive,390,Everyone Welcome,1,0,Yes,,,
65,"Eastpoint Green, 1 Simei Street 3",1288,80,1998,Condo,1 Simei Street 3,610,Everyone Welcome,1,0,Yes,,,
66,677 Woodlands Avenue 6,1000,107,1997,HDB,677 Woodlands Avenue 6,400,Everyone Welcome,1,0,Yes,,,
67,331 Yishun Ring Road,1000,120,1988,HDB,331 Yishun Ring Road,140,Everyone Welcome,1,0,Yes,,,
68,210 Bukit Batok Street 21,850,800,1984,HDB,210 Bukit Batok Street 21,640,Everyone Welcome,1,0,Yes,,,
69,199 Toa Payoh North,899,140,1982,HDB,199 Toa Payoh North,320,Everyone Welcome,1,1,Yes,,,
70,109 Tampines Street 11,1300,1119,1983,HDB,109 Tampines Street 11,940,Everyone Welcome,1,0,Yes,,,
71,High Park Residences (27 Fernvale Rd),1100,581,2019,Condo,High Park Residences (27 Fernvale Rd),450,Everyone Welcome,1,0,Yes,,,
72,323 Woodlands Street 32,700,270,1995,HDB,323 Woodlands Street 32,710,Everyone Welcome,1,0,Yes,,,
73,515 Jurong West Street 52,800,100,1984,HDB,515 Jurong West Street 52,440,Everyone Welcome,1,0,Yes,,,
74,14 Taman Ho Swee,1350,65,1970,HDB,14 Taman Ho Swee,650,Everyone Welcome,1,0,Yes,,,
75,568 Hougang Street 51,850,150,1995,HDB,568 Hougang Street 51,70,Everyone Welcome,1,0,Yes,,,
76,622 Senja Road,1200,140,2000,HDB,622 Senja Road,530,Everyone Welcome,1,0,Yes,,,
77,406B Northshore Drive,900,120,-,HDB,406B Northshore Drive,280,Everyone Welcome,1,0,Yes,,,
78,324 Ang Mo Kio Avenue 3,850,130,1978,HDB,324 Ang Mo Kio Avenue 3,450,Everyone Welcome,1,0,Yes,,,
79,90 Tanglin Halt Road,1200,100,2007,HDB,90 Tanglin Halt Road,450,Everyone Welcome,1,0,Yes,,,
80,368 Woodlands Avenue 1,900,100,1997,HDB,368 Woodlands Avenue 1,560,Everyone Welcome,1,0,Yes,,,
81,424C Yishun Avenue 11,1350,150,2013,HDB,424C Yishun Avenue 11,2000,Everyone Welcome,1,0,Yes,,,
82,Robey Crescent,1400,120,-,Landed,Robey Crescent,140,Everyone Welcome,1,0,Yes,,,
83,571 Choa Chu Kang Street 52,1200,250,2013,HDB,571 Choa Chu Kang Street 52,550,Everyone Welcome,1,0,Yes,,,
84,146 Lorong 2 Toa Payoh,1200,100,2005,HDB,146 Lorong 2 Toa Payoh,390,Everyone Welcome,1,0,Yes,,,
85,126 Yishun Street 11,700,140,1983,HDB,126 Yishun Street 11,310,Everyone Welcome,1,0,Yes,,,
86,275 Tampines Street 22,1000,250,-,HDB,275 Tampines Street 22,920,Everyone Welcome,1,0,Yes,,,
87,642C Punggol Drive,800,129,2002,HDB,642C Punggol Drive,300,Everyone Welcome,1,0,Yes,,,
88,571B Woodlands Avenue 1,800,300,2012,HDB,571B Woodlands Avenue 1,530,Everyone Welcome,1,0,Yes,,,
89,501 West Coast Drive,1400,200,1979,HDB,501 West Coast Drive,100,Everyone Welcome,1,0,Yes,,,
90,Oasis @ Mulberry,900,150,2006,Landed,Oasis @ Mulberry,410,Everyone Welcome,1,0,Yes,,,
91,Moonstone View,1300,150,2000,Condo,Moonstone View,720,Everyone Welcome,1,0,Yes,,,
92,842G Tampines Street 82,1100,500,1994,HDB,842G Tampines Street 82,180,Everyone Welcome,1,0,Yes,,,
93,697C Jurong West Central 3,1000,150,2016,HDB,697C Jurong West Central 3,710,Everyone Welcome,1,0,Yes,,,
94,113 Rivervale Walk,1400,1076,1998,HDB,113 Rivervale Walk,190,Everyone Welcome,1,0,Yes,,,
95,181 Yung Sheng Road,1200,150,1999,HDB,181 Yung Sheng Road,1500,Everyone Welcome,1,0,Yes,,,
96,Ivory Heights,1250,110,1986,Apartment,Ivory Heights,720,Everyone Welcome,5,2,,,,
97,771 Yishun Avenue 3,1200,150,1985,HDB,771 Yishun Avenue 3,860,Everyone Welcome,1,0,Yes,,,
98,141 Bedok Reservoir Road,750,904,1986,HDB,141 Bedok Reservoir Road,600,Everyone Welcome,1,0,Yes,,,
99,Summer Gardens,1000,200,1995,Landed,Summer Gardens,710,Everyone Welcome,1,0,Yes,,,
100,Cavendish Park,1450,140,1996,Condo,Cavendish Park,1020,Everyone Welcome,1,0,Yes,,,
101,The Esparis,1350,129,2006,Condo,The Esparis,240,Everyone Welcome,1,0,Yes,,,
102,613D Punggol Drive,850,11,2011,HDB,613D Punggol Drive,460,Everyone Welcome,1,0,Yes,,,
103,952B Tampines Street 96,1000,100,-,HDB,952B Tampines Street 96,990,Everyone Welcome,1,0,Yes,,,
104,Room For Rent Near ACS(I),899,200,-,Landed,Room For Rent Near ACS(I),760,Everyone Welcome,1,0,Yes,,,
105,9B Boon Tiong Road,1100,200,2016,HDB,9B Boon Tiong Road,460,Everyone Welcome,1,0,Yes,,,
106,128C Canberra Street,800,2152,2017,HDB,128C Canberra Street,690,Everyone Welcome,1,0,Yes,,,
107,The Lakefront Residences,1250,1400,2014,Condo,"48 Lakeside Dr, Singapore 648305",270,Everyone Welcome,1,0,Yes,,,
108,Caspian,1150,1400,2013,Condo,"62 Lakeside Dr, Singapore 648321",270,Everyone Welcome,1,0,Yes,,,
109,Hillview Garden Estate,40000,15000,-,Landed,Hillview Garden Estate,450,Everyone Welcome,7,10,,,,
110,Villa Delle Rose,10500,2800,1982,Condo,Taman Nakhoda / Farrer Road area,1210,Everyone Welcome,3,4,,,,
111,Newly Built Modern Family Home Near Namly Avenue,48000,9000,-,Landed,Near Namly Avenue,1510,Everyone Welcome,5,7,,,,
112,6BR Luxury Bungalow Near Changi,17500,7600,-,Landed,Near Changi Airport,1570,Everyone Welcome,6,6,,,,
113,Cosy Family Home with Pool Near Australian American French School,8500,2850,-,Landed,Wolskel Road area,790,Everyone Welcome,5,3,,,,
114,Family Friendly Corner Terrace,8800,2900,-,Landed,Telok Kurau / East Coast Road,950,Everyone Welcome,4,3,,,,
115,Modern New Designer GCB at Bishopsgate,55000,8212,-,Landed,Bishopsgate / Orchard Boulevard,660,Everyone Welcome,3,3,,,,
116,Spring Grove,9800,1789,1996,Condo,53A Grange Road,990,Everyone Welcome,5,5,,,,
117,Far Horizon Gardens,4000,1152,1987,Apartment,15 Ang Mo Kio Avenue 9,420,Everyone Welcome,2,2,,,,
118,Suites @ Cairnhill,7000,1184,2010,Apartment,138 Cairnhill Road,640,Everyone Welcome,2,2,,,,
119,Fortune Park,1000,150,1996,Condo,Kovan,690,Everyone Welcome,1,1,Yes,,,
120,370 Bukit Batok Street 31,1300,130,1985,HDB,370 Bukit Batok Street 31,320,Everyone Welcome,1,1,Yes,,,
121,425 Serangoon Avenue 1,1400,250,1989,HDB,425 Serangoon Avenue 1,520,Female only,1,1,Yes,,,
122,122 Kim Tian Road,998,100,1994,HDB,122 Kim Tian Road,650,Everyone Welcome,1,1,Yes,,,
123,Robertson Edge,2000,195,2008,Apartment,"18 Tong Watt Rd, Singapore 238010",620,Everyone Welcome,1,1,Yes,,,
124,Hillview Green,1050,150,1995,Condo,Hillview,500,Everyone Welcome,1,1,Yes,,,
125,146 Lorong 2 Toa Payoh,1200,110,2005,HDB,146 Lorong 2 Toa Payoh,390,Female only,1,1,Yes,,,
126,29 Jalan Bahagia,750,100,1986,HDB,29 Jalan Bahagia,1250,Everyone Welcome,1,1,Yes,,,
127,370 Bukit Batok Street 31,1300,130,1985,HDB,370 Bukit Batok Street 31,320,Everyone Welcome,1,1,Yes,,,
128,122 Kim Tian Road,998,100,1994,HDB,122 Kim Tian Road,650,Everyone Welcome,1,1,Yes,,,
129,145 Lorong 2 Toa Payoh,880,100,2005,HDB,145 Lorong 2 Toa Payoh,570,Everyone Welcome,1,1,Yes,,,
130,86 Dawson Road,1200,150,2015,HDB,86 Dawson Road,590,Everyone Welcome,1,1,Yes,,,
131,134 Edgedale Plains,800,160,2003,HDB,134 Edgedale Plains,510,Female only,1,1,Yes,,,
132,517 Woodlands Drive 14,800,150,1998,HDB,517 Woodlands Drive 14,450,Everyone Welcome,1,1,Yes,,,
133,Jansen Road,1800,180,1990,Landed,Jansen Road,1170,Everyone Welcome,1,1,Yes,,,
134,Spacious Common Room,1000,150,2000,HDB,Bukit Panjang,550,Everyone Welcome,1,1,Yes,,,
135,1 or 2 Common Room,1300,200,2005,HDB,Jurong West,790,Everyone Welcome,1,1,Yes,,,
136,Punggol Common Room,750,150,2002,HDB,Punggol,180,Male only,1,1,Yes,,,
137,Large Common Room,900,150,1995,Landed,Chuan Terrace,1380,Everyone Welcome,1,1,Yes,,,
138,4-min Walk to Potong Pasir MRT,1450,100,2010,Apartment,Potong Pasir,310,Everyone Welcome,1,1,Yes,,,
139,Huge Master and Common Room,2200,300,2005,Landed,West Coast,850,Everyone Welcome,1,1,Yes,,,
140,Common Room @ Kovan Landed,850,150,1998,Landed,Kovan,850,Male only,1,1,Yes,,,
141,2 Spacious Fully Furnished Common Bedrooms,1000,150,2000,Landed,Kovan,430,Everyone Welcome,1,1,Yes,,,
142,134 Edgedale Plains,800,160,2003,HDB,134 Edgedale Plains,510,Female only,1,1,Yes,,,
143,517 Woodlands Drive 14,800,150,1998,HDB,517 Woodlands Drive 14,450,Everyone Welcome,1,1,Yes,,,
144,2.5 story bungalow at Jansen Road,14000,9617,-,Landed,Jansen Road,1170,Everyone Welcome,5,5,,,,
145,424D Yishun Avenue 11,3500,900,2015,HDB,"424D Yishun Avenue 11 764424 · Yishun East, North Region",1700,Everyone Welcome,3,2,,,,
146,638 Pasir Ris Drive 1,500,80,-,HDB,638 Pasir Ris Drive 1 510638 · Pasir Ris West (East Region),778,Everyone Welcome,1,0,Yes,,,
147,Waterbay (45A Edgefield Plains),5600,1141,2016,Executive Condo,45A Edgefield Plains 828711 · Punggol Field (North-East Region),261,Partially furnished,4,3,,,,
148,The Raintree (93 Bukit Drive),5600,1302,2008,Condo,93 Bukit Drive 587844 · Nature Reserve (West Region),787,Partially furnished,3,3,,,,
149,Novena Court,1488,100,1970,Apartment,2 Jalan Novena Barat,390,Everyone Welcome,1,0,Yes,,,
150,YewTee Residences,1350,100,2009,Apartment,23 Choa Chu Kang North 6,100,Everyone Welcome,1,0,Yes,,,
151,Euro-Asia Court,1300,100,1994,Apartment,7 River Valley Close,610,Everyone Welcome,1,0,Yes,,,
152,UE Square,1600,100,1997,Apartment,205 River Valley Road,250,Everyone Welcome,1,0,Yes,,,
153,Oxley Garden,1350,100,1986,Apartment,5 Oxley Rise,500,Everyone Welcome,1,0,Yes,,,
154,Paya Lebar Residences,1300,100,2003,Apartment,27 Paya Lebar Road,280,Everyone Welcome,1,0,Yes,,,
155,Sherwood Towers,1200,100,1980,Apartment,1 Jalan Anak Bukit,620,Everyone Welcome,1,0,Yes,,,
156,Birmingham Mansions,1400,100,1998,Apartment,130 Thomson Road,320,Everyone Welcome,1,0,Yes,,,
157,Harbourlights,1350,100,1997,Apartment,68 Telok Blangah Road,350,Everyone Welcome,1,0,Yes,,,
158,Neptune Court,1286,99,1975,Apartment,1 Marine Vista,850,Everyone Welcome,1,0,Yes,,,
159,Burlington Square,1300,90,1998,Apartment,175 Bencoolen St,230,Everyone Welcome,1,0,Yes,,,
160,Nine Residences,1299,90,2017,Apartment,12 Yishun Avenue 9,970,Everyone Welcome,1,0,Yes,,,
161,Short-Term Co-Living,1800,86,-,Apartment,near HarbourFront,60,Everyone Welcome,1,0,Yes,,,
162,YewTee Residences,1000,85,2009,Apartment,YewTee Residences,100,Everyone Welcome,1,0,Yes,,,
163,The Sunny Spring,1100,80,1998,Apartment,50 Lorong 40 Geylang,640,Everyone Welcome,1,0,Yes,,,
164,The 101,1300,80,1986,Apartment,101 Beach Road,440,Everyone Welcome,1,0,Yes,,,
165,Ever Lodge,1150,80,1999,Apartment,685 Geylang Road,670,Everyone Welcome,1,0,Yes,,,
166,La Brisa,1480,70,2014,Apartment,50 Lorong 28 Geylang,670,Everyone Welcome,1,0,Yes,,,
167,20 Kim Tian Road,951,70,-,Apartment,20 Kim Tian Road,420,Everyone Welcome,1,0,Yes,,,
168,The Sail @ Marina Bay,2000,66,2008,Apartment,"4 Marina Blvd, Singapore 018987",250,Everyone Welcome,1,0,Yes,,,
169,Balestier Plaza,1500,450,1985,Apartment,"400 Balestier Rd, Singapore 329802",1290,Everyone Welcome,1,0,Yes,,,
170,YCK 332,1880,300,-,Apartment,14A Yio Chu Kang Road,740,Everyone Welcome,1,1,,,,
171,Lian Beng Building ,1800,250,-,Apartment,985 Upper Serangoon Road,350,Everyone Welcome,1,1,,,,
172,Rajah Towers ,1150,250,1984,Apartment,32 Jalan Rajah,1160,Everyone Welcome,1,0,Yes,,,
173,Lagoon View,1280,200,1977,Apartment,5000J Marine Parade Rd,380,Everyone Welcome,1,0,Yes,,,
174,Cassia Edge,2000,200,2018,Apartment,343 Guillemard Road,660,Everyone Welcome,1,1,,,,
175,CHEAP! MASTERROOM,1700,200,-,Apartment,near Aljunied,640,Everyone Welcome,1,0,Yes,,,
176,Jalan Besar Plaza,1400,200,1980,Apartment,101 Kitchener Rd,460,Everyone Welcome,1,0,Yes,,,
177,Master room Bugis,1680,200,-,Apartment,77 Aliwal St,610,Everyone Welcome,1,1,Yes,,,
178,Birmingham Mansions,1400,200,1998,Apartment,repeat,320,Everyone Welcome,1,0,Yes,,,
179,Wing Fong Mansions,2000,200,1997,Apartment,12 Lorong 14 Geylang,920,Everyone Welcome,1,0,Yes,,,
180,Kentish Court,1400,200,2000,Apartment,33 Oxford Road,510,Everyone Welcome,1,0,Yes,,,
181,Top Ten,1880,200,1989,Apartment,134 Emerald Hill Road,710,Everyone Welcome,1,0,Yes,,,
182,Braddell View,1250,200,1981,Apartment,10B Braddell Hill,840,Female only,1,0,Yes,,,
183,La Brisa,1900,180,2014,Apartment,"50 Lor 28 Geylang, Singapore 398453",670,Everyone Welcome,1,0,Yes,,,
184,30A Norris Road,1800,180,-,Apartment,30A Norris Road,420,Everyone Welcome,1,1,Yes,,,
185,Cavenagh Court,1500,180,1971,Apartment,151 Cavenagh Road,980,Everyone Welcome,1,0,Yes,,,
186,Fuyuen Court,1800,150,1997,Apartment,22 Lorong 35 Geylang,600,Everyone Welcome,1,1,Yes,,,
187,Balestier Regency,600,150,1990,Apartment,4 Jalan Ampas,1520,Everyone Welcome,1,0,Yes,,,
188,Cavenagh Gardens,1500,150,1975,Apartment,69 Cavenagh Road,1000,Everyone Welcome,1,0,Yes,,,
189,The Rise @ Oxley,1800,150,2018,Apartment,73 Oxley Rise,560,Everyone Welcome,1,0,Yes,,,
190,Parc Life,1200,150,-,Apartment,Sembawang Crescent,800,Everyone Welcome,1,0,Yes,,,
191,People's Park Complex,1280,150,-,Apartment,1 Park Road,160,Everyone Welcome,1,0,Yes,,,
192,Sherwood Towers,1300,150,1980,Apartment,"3 Jalan Anak Bukit, Singapore 588998",620,Everyone Welcome,1,0,Yes,,,
193,Palm Lodge,1500,145,1992,Apartment,4 Geylang Lor 37,600,Everyone Welcome,1,0,Yes,,,
194,The Centris,1450,140,2009,Apartment,69 Jurong West Central 3,110,Everyone Welcome,1,0,Yes,,,
195,Newton 21,2000,140,2002,Apartment,21 Newton Road,420,Everyone Welcome,1,0,Yes,,,
196,Grandlink Square,1500,130,1998,Apartment,511 Guillemard Rd,540,Everyone Welcome,1,0,Yes,,,
197,Common Room (HDB) for Rent in 175 Woodlands Street 13,1200,200,-,HDB,Woodlands Street 13,427,Everyone Welcome,1,0,Yes,,,
198,Common Room (HDB) for Rent in 441 Jurong West Avenue 1,850,200,-,HDB,Jurong West Avenue 1,759,Everyone Welcome,1,0,Yes,,,
199,Common Room (Condo) for Rent in Simsville,1400,100,1998,Condo,Simsville,358,Everyone Welcome,1,0,Yes,,,
200,Common Room (Condo) for Rent in Sea Esta,1200,133,2015,Condo,Sea Esta,154,Everyone Welcome,1,0,Yes,,,
201,Common Room (HDB) for Rent in 101 Jurong East Street 13,1080,120,1982,HDB,Jurong East Street 13,463,Everyone Welcome,1,0,Yes,,,
202,Common Room (HDB) for Rent in 646 Jurong West Street 61,900,139,-,HDB,Jurong West Street 61,204,Everyone Welcome,1,0,Yes,,,
203,Master Room (Condo) for Rent in Orchid Park Condominium,1550,120,1994,Condo,Orchid Park Condominium,598,Everyone Welcome,1,1,Yes,,,
204,Master Room (Condo) for Rent in Ballota Park Condominium,1800,150,2000,Condo,Ballota Park Condominium,437,Everyone Welcome,1,1,Yes,,,
205,Common Room (Condo) for Rent in Aquarius By The Park,1200,150,2002,Condo,Aquarius By The Park,440,Everyone Welcome,1,0,Yes,,,
206,Common Room (HDB) for Rent in 8 Saint George's Lane,1000,100,-,HDB,8 Saint George's Lane,439,Everyone Welcome,1,0,Yes,,,
207,Common Room (HDB) for Rent in 15 Telok Blangah Crescent,950,250,1975,HDB,Telok Blangah Crescent,184,Everyone Welcome,1,0,Yes,,,
208,Master Room (HDB) for Rent in 613 Clementi West Street 1,1600,160,-,HDB,Clementi West Street 1,318,Everyone Welcome,1,1,Yes,,,
209,Common Room (HDB) for Rent in 588A Ang Mo Kio Street 52,1000,120,2011,HDB,Ang Mo Kio Street 52,426,Everyone Welcome,1,0,Yes,,,
210,Master Room (HDB) for Rent in 686A Choa Chu Kang Crescent,1440,200,-,HDB,Choa Chu Kang Crescent,760,Everyone Welcome,1,1,Yes,,,
211,Master Room (Condo) for Rent in Public Mansions / Public Mansion,1750,180,1974,Condo,Public Mansions,684,Everyone Welcome,1,1,Yes,,,
212,126D Canberra Street,900,100,2019,HDB,126D Canberra Street,686,Everyone Welcome,1,0,Yes,,,
213,530 Bedok North Street 3,1200,1200,-,HDB,530 Bedok North Street 3,663,Everyone Welcome,1,1,Yes,,,
214,441 Jurong West Avenue 1,850,200,-,HDB,441 Jurong West Avenue 1,759,Everyone Welcome,1,0,Yes,,,
215,467 Tampines Street 44,1100,224,-,HDB,467 Tampines Street 44,381,Everyone Welcome,1,1,Yes,,,
216,34 Eunos Crescent,1200,85,2007,HDB,34 Eunos Crescent,256,Everyone Welcome,1,0,Yes,,,
217,288C Compassvale Crescent,1100,150,2017,HDB,288C Compassvale Crescent,484,Everyone Welcome,1,0,Yes,,,
218,713 Yishun Street 71,550,250,1984,HDB,713 Yishun Street 71,870,Everyone Welcome,1,0,Yes,,,
219,101D Punggol Field,975,120,-,HDB,101D Punggol Field,93,Everyone Welcome,1,0,Yes,,,
220,209 Yishun Street 21,890,130,1985,HDB,209 Yishun Street 21,352,Everyone Welcome,1,0,Yes,,,
221,730 Jurong West Street 72,1200,150,-,HDB,730 Jurong West Street 72,242,Everyone Welcome,1,0,Yes,,,
222,229 Bukit Batok East Avenue 3,1500,143,-,HDB,229 Bukit Batok East Avenue 3,572,Everyone Welcome,1,1,Yes,,,
223,526 Hougang Avenue 6,950,125,1999,HDB,526 Hougang Avenue 6,410,Everyone Welcome,1,0,Yes,,,
224,816 Woodlands Street 82,1000,150,-,HDB,816 Woodlands Street 82,668,Everyone Welcome,1,1,Yes,,,
225,175 Woodlands Street 13,1200,200,-,HDB,175 Woodlands Street 13,500,Everyone Welcome,1,0,Yes,,,
226,120B Canberra Crescent,900,100,2018,HDB,120B Canberra Crescent,483,Everyone Welcome,1,0,Yes,,,
227,5 Room (5I) HDB for Rent in 109A Bidadari Park Drive,5000,1216,2021,HDB,109A Bidadari Park Drive,411,Everyone Welcome,3,2,,,,
228,5 Room (5A) HDB for Rent in 646 Punggol Central,3400,1184,2005,HDB,646 Punggol Central,152,Everyone Welcome,3,2,,,,
229,Common Room (HDB) for Rent in 221 Bishan Street 23,900,100,-,HDB,221 Bishan Street 23,783,Everyone Welcome,1,0,Yes,,,
230,3 Room (3STD) HDB for Rent in 141 Yishun Ring Road,2800,732,-,HDB,141 Yishun Ring Road,592,Everyone Welcome,2,2,,,,
231,5 Room (5A) HDB for Rent in 450C Tampines Street 42,4000,1323,-,HDB,450C Tampines Street 42,246,Everyone Welcome,3,2,,,,
232,Master Room (HDB) for Rent in 530 Bedok North Street 3,1200,1200,-,HDB,530 Bedok North Street 3,663,Everyone Welcome,1,1,Yes,,,
233,Common Room (HDB) for Rent in 111 Bishan Street 12,950,150,1985,HDB,111 Bishan Street 12,412,Everyone Welcome,1,0,Yes,,,
234,Master Room (HDB) for Rent in 852 Jurong West Street 81,1200,200,-,HDB,852 Jurong West Street 81,382,Everyone Welcome,1,1,Yes,,,
235,Common Room (HDB) for Rent in 264 Bishan Street 24,1000,120,-,HDB,264 Bishan Street 24,760,Everyone Welcome,1,0,Yes,,,
236,5 Room (5I) HDB for Rent in 523A Tampines Central 7,4100,1216,2015,HDB,523A Tampines Central 7,1016,Everyone Welcome,3,2,,,,
237,5 Room (5I) HDB for Rent in 493 Admiralty Link,3600,1184,2004,HDB,493 Admiralty Link,906,Everyone Welcome,2,2,,,,
238,4 Room (4I) HDB for Rent in 408 Ang Mo Kio Avenue 10,3300,904,1980,HDB,408 Ang Mo Kio Avenue 10,937,Everyone Welcome,3,2,,,,
239,Common Room (HDB) for Rent in 208 Yishun Street 21,950,50,1985,HDB,208 Yishun Street 21,322,Everyone Welcome,1,0,Yes,,,
240,3 Room (3A) HDB for Rent in 98 Commonwealth Crescent,3300,635,1970,HDB,98 Commonwealth Crescent,594,Everyone Welcome,2,2,,,,
241,Master Room (Condo) for Rent in Sunny Palms,2000,850,2004,Condo,"Sunny Palms, 65 Lorong G Telok Kurau",453,Everyone Welcome,1,1,Yes,,,
242,Studio Apartment (Condo) for Rent in V On Shenton,3900,441,2017,Condo,"V On Shenton, 5A Shenton Way",175,Everyone Welcome,1,1,,,,
243,1 Bed Condo for Rent in Treasure at Tampines,3000,463,2023,Condo,"Treasure at Tampines, 25 Tampines Lane",640,Everyone Welcome,1,1,Yes,,,
244,3 Bed Condo for Rent in Savannah Condopark,4700,1227,2005,Condo,"Savannah Condopark, 65 Simei Rise",891,Everyone Welcome,3,3,,,,
245,Common Room (Condo) for Rent in Bellewaters,1100,100,2017,Condo,"Bellewaters, 31 Anchorvale Crescent",314,Everyone Welcome,1,0,Yes,,,
246,2 Bed Apartment (Condo) for Rent in One Pearl Bank,5800,700,2024,Condo,"One Pearl Bank, 1 Pearl Bank",185,Everyone Welcome,2,1,,,,
247,Studio Apartment (Condo) for Rent in Upper Bukit Timah Road,2600,100,-,Condo,Upper Bukit Timah Road,530,Everyone Welcome,1,1,,,,
248,1 Bed Condo for Rent in euHabitat,3100,527,2015,Condo,"euHabitat, 248 Jalan Eunos",745,Everyone Welcome,1,1,Yes,,,
249,1 Bed Condo for Rent in 3 Cuscaden,4600,463,2022,Condo,3 Cuscaden Walk,266,Everyone Welcome,1,1,Yes,,,
250,3 Bed Executive Condo for Rent in The Canopy,4800,1195,2014,Executive Condo,"The Canopy, 81 Yishun Avenue 11",572,Everyone Welcome,3,2,,,,
251,4 Bed Condo for Rent in The Lakefront Residences,8999,2099,2014,Condo,"The Lakefront Residences, 46 Lakeside Dr",235,Everyone Welcome,4,3,,,,
252,3 Bed Condo for Rent in Myra,6000,875,2025,Condo,"Myra, 9 Meyappa Chettiar Road",128,Everyone Welcome,3,2,,,,
253,3 Bed Condo for Rent in Botannia,6000,1270,2009,Condo,"Botannia, 29 West Coast Park",850,Everyone Welcome,3,3,,,,
254,2 Bed Condo for Rent in Palm Isles,3500,785,2015,Condo,"Palm Isles, 32 Flora Drive",1011,Everyone Welcome,2,2,,,,
255,Common Room (Condo) for Rent in Bishan 8,1200,100,2000,Condo,"Bishan 8, 61 Bishan Street 21",242,Everyone Welcome,1,0,Yes,,,
256,1 Bed Condo for Rent in The Peak @ Cairnhill I,3800,592,2014,Condo,"The Peak @ Cairnhill I, 51 Cairnhill Circle",480,Everyone Welcome,1,1,Yes,,,
257,3+1 Bed Condo for Rent in Regent Heights,4400,1173,1999,Condo,"Regent Heights, 50 Bukit Batok East Ave 5",860,Everyone Welcome,3,3,,,,
258,2 Bed Condo for Rent in 134 Watten Estate,7800,893,2025,Condo,"134 Watten Estate, Road 287601",802,Everyone Welcome,2,2,,,,
259,2 Bed Condo for Rent in One Amber,5300,958,2010,Condo,"One Amber, 1 Amber Gardens",271,Everyone Welcome,2,2,,,,
260,1 Bed Apartment (Condo) for Rent in The Clift,4200,506,2011,Condo,"The Clift, 21 McCallum Street",326,Everyone Welcome,1,1,Yes,,,
261,Master Room (HDB) for Rent in 313 Bukit Batok Street 32,850,100,-,HDB,Bukit Batok Street 32,477,Everyone Welcome,1,1,Yes,,,
262,Common Room (Condo) for Rent in Simei Green Condominium,1200,80,1999,Condo,"Simei Green, 1 Simei Street 4",376,Everyone Welcome,1,0,Yes,,,
263,Common Room (HDB) for Rent in 713 Yishun Street 71,550,250,1984,HDB,Yishun Street 71,870,Everyone Welcome,1,0,Yes,,,
264,Common Room (HDB) for Rent in 101D Punggol Field,975,120,-,HDB,Punggol Field 101D,93,Everyone Welcome,1,0,Yes,,,
265,Common Room (HDB) for Rent in 209 Yishun Street 21,890,130,1985,HDB,Yishun Street 21,352,Everyone Welcome,1,0,Yes,,,
266,Master Room (HDB) for Rent in 613 Clementi West Street 1,1600,160,-,HDB,Clementi West Street 1,1318,Everyone Welcome,1,1,Yes,,,
267,Common Room (HDB) for Rent in 588A Ang Mo Kio Street 52,1000,120,2011,HDB,Ang Mo Kio Street 52,426,Everyone Welcome,1,0,Yes,,,
268,Common Room (HDB) for Rent in 126D Canberra Street,900,100,2019,HDB,Canberra Street 126D,686,Everyone Welcome,1,0,Yes,,,
269,Master Room (Landed) for Rent in The Springfield,1800,250,1999,Landed,Chempaka Kuning Link,711,Everyone Welcome,1,1,Yes,,,
270,Master Room (HDB) for Rent in 686A Choa Chu Kang Crescent,1440,200,-,HDB,Choa Chu Kang Crescent 686A,760,Everyone Welcome,1,1,Yes,,,
271,Master Room (Condo) for Rent in Public Mansions / Public Mansion,1750,180,1974,Condo,"Public Mansions, 436 Balestier Road",684,Everyone Welcome,1,1,Yes,,,
272,Master Room (HDB) for Rent in 816 Woodlands Street 82,1000,150,-,HDB,Woodlands Street 82,668,Everyone Welcome,1,1,Yes,,,
273,Common Room (HDB) for Rent in 173A Punggol Field,850,150,-,HDB,Punggol Field 173A,10,Everyone Welcome,1,0,Yes,,,
274,Common Room (HDB) for Rent in 257 Bangkit Road,800,50,1989,HDB,Bangkit Road 257,179,Everyone Welcome,1,0,Yes,,,
275,Common Room (HDB) for Rent in 116 Simei Street 1,900,200,-,HDB,Simei Street 1,251,Everyone Welcome,1,0,Yes,,,
276,Common Room (HDB) for Rent in 271A Jurong West Street 24,950,139,-,HDB,Jurong West Street 24,512,Everyone Welcome,1,0,Yes,,,
277,Master Room (HDB) for Rent in 386 Bukit Batok West Avenue 5,1200,1292,-,HDB,Bukit Batok West Avenue 5,570,Everyone Welcome,1,1,Yes,,,
278,Common Room (HDB) for Rent in 288C Compassvale Crescent,1100,150,2017,HDB,Compassvale Crescent 288C,484,Everyone Welcome,1,0,Yes,,,
279,Common Room (HDB) for Rent in 433B Sengkang West Way,850,120,2014,HDB,Sengkang West Way 433B,258,Everyone Welcome,1,0,Yes,,,
280,Common Room (HDB) for Rent in 8 Saint George's Lane,1000,100,-,HDB,8 Saint George's Lane,439,Everyone Welcome,1,0,Yes,,,
281,Common Room (HDB) for Rent in 15 Telok Blangah Crescent,950,250,1975,HDB,Telok Blangah Crescent,1184,Everyone Welcome,1,0,Yes,,,
282,Common Room (HDB) for Rent in 231 Yishun Street 21,550,120,-,HDB,Yishun Street 21,554,Everyone Welcome,1,0,Yes,,,
283,Common Room (HDB) for Rent in 730 Jurong West Street 72,1200,150,-,HDB,Jurong West Street 72,242,Everyone Welcome,1,0,Yes,,,
284,Common Room (HDB) for Rent in 308C Anchorvale Road,1000,110,2002,HDB,Anchorvale Road 308C,78,Everyone Welcome,1,0,Yes,,,
285,Common Room (HDB) for Rent in 526 Hougang Avenue 6,950,125,1999,HDB,Hougang Avenue 6,410,Everyone Welcome,1,0,Yes,,,
286,Common Room (HDB) in 175 Woodlands Street 13,1200,200,-,HDB,175 Woodlands Street 13,427,Everyone Welcome,1,0,Yes,,,
287,Common Room (HDB) in 713 Jurong West Street 71,1000,110,-,HDB,713 Jurong West Street 71,553,Everyone Welcome,1,0,Yes,,,
288,Common Room (HDB) in 93 Whampoa Drive,850,10,1974,HDB,93 Whampoa Drive,799,Everyone Welcome,1,0,Yes,,,
289,Common Room (HDB) in 607 Yishun Street 61,750,180,1987,HDB,607 Yishun Street 61,536,Everyone Welcome,1,0,Yes,,,
290,Master Room (Condo) in King's Mansion,2000,220,1980,Condo,"King’s Mansion, 20 Amber Road",214,Everyone Welcome,1,1,Yes,,,
291,Common Room (Condo) in Simei Green Condominium,1200,80,1999,Condo,"Simei Green Condominium, 1 Simei Street 4",376,Everyone Welcome,1,0,Yes,,,
292,Common Room (HDB) in 416 Clementi Avenue 1,1200,120,2013,HDB,416 Clementi Avenue 1,815,Everyone Welcome,1,0,Yes,,,
293,Common Room (HDB) in 858 Yishun Avenue 4,500,150,-,HDB,858 Yishun Avenue 4,617,Everyone Welcome,1,0,Yes,,,
294,Common Room (HDB) in 8 Saint George’s Lane,1000,100,-,HDB,8 Saint George’s Lane,439,Everyone Welcome,1,0,Yes,,,
295,Common Room (HDB) in 822 Jurong West Street 81,550,129,-,HDB,822 Jurong West Street 81,463,Everyone Welcome,1,0,Yes,,,
296,Common Room (HDB) in 47 Teban Gardens Road,1250,128,-,HDB,47 Teban Gardens Road,553,Everyone Welcome,1,0,Yes,,,
297,Common Room (HDB) in 257 Bangkit Road,800,50,1989,HDB,257 Bangkit Road,179,Everyone Welcome,1,0,Yes,,,
298,Common Room (HDB) in 787C Woodlands Crescent,1200,120,-,HDB,787C Woodlands Crescent,465,Everyone Welcome,1,0,Yes,,,
299,Common Room (HDB) in 132 Geylang East Avenue 1,1050,95,1986,HDB,132 Geylang East Avenue 1,329,Everyone Welcome,1,0,Yes,,,
300,2 Room HDB for Rent in 175 Bukit Batok West Avenue 8,2000,350,1985,HDB,175 Bukit Batok West Avenue 8,211,Everyone Welcome,1,1,Yes,,,
301,2 Room HDB for Rent in 450D Bukit Batok West Avenue 6,2900,505,2019,HDB,450D Bukit Batok West Avenue 6,744,Everyone Welcome,1,1,Yes,,,
302,2 Room (2A) HDB for Rent in 535 Choa Chu Kang Street 51,2500,495,2011,HDB,535 Choa Chu Kang Street 51,652,Everyone Welcome,1,1,Yes,,,
303,2 Room (2A) HDB for Rent in 40 Circuit Road,2100,484,-,HDB,40 Circuit Road,319,Everyone Welcome,1,2,Yes,,,
304,2 Room (2STD) HDB for Rent in 780F Woodlands Crescent,2400,506,2015,HDB,780F Woodlands Crescent,789,Everyone Welcome,1,1,Yes,,,
305,2 Room (2STD) HDB for Rent in 115B Canberra Walk,2550,506,2018,HDB,115B Canberra Walk,337,Everyone Welcome,1,1,Yes,,,
306,2 Room (2I) HDB for Rent in 174 Ang Mo Kio Avenue 4,3000,720,1986,HDB,174 Ang Mo Kio Avenue 4,226,Everyone Welcome,2,2,,,,
307,2 Room (2STD) HDB for Rent in 457A Sengkang West Road,2488,460,2019,HDB,457A Sengkang West Road,665,Everyone Welcome,1,1,Yes,,,
308,2 Room (2A) HDB for Rent in 995A Buangkok Crescent,2488,409,2018,HDB,995A Buangkok Crescent,494,Everyone Welcome,1,1,Yes,,,
309,2 Room (2A) HDB for Rent in 10 Jalan Bukit Ho Swee,2500,365,1971,HDB,10 Jalan Bukit Ho Swee,159,Everyone Welcome,1,1,Yes,,,
310,2 Room (2STD) HDB for Rent in 460A Bukit Batok West Avenue 9,3000,517,-,HDB,460A Bukit Batok West Avenue 9,336,Everyone Welcome,1,1,Yes,,,
311,2 Room (2STD) HDB for Rent in 341 Woodlands Avenue 1,2800,500,-,HDB,341 Woodlands Avenue 1,791,Everyone Welcome,1,1,Yes,,,
312,2 Room (2I) HDB for Rent in 453A Fernvale Road,2800,496,2015,HDB,453A Fernvale Road,290,Everyone Welcome,1,1,Yes,,,
313,2 Room (2A) HDB for Rent in 232C Sumang Lane,2467,506,2018,HDB,232C Sumang Lane,546,Everyone Welcome,1,1,Yes,,,
314,2 Room (2A) HDB for Rent in 209C Punggol Place,2600,495,2014,HDB,209C Punggol Place,533,Everyone Welcome,1,1,Yes,,,
315,Master Room (HDB) for Rent in 386 Bukit Batok West Avenue 5,1200,1292,-,HDB,386 Bukit Batok West Avenue 5,570,Everyone Welcome,1,1,Yes,,,
316,2 Room HDB for Rent in 127A Kim Tian Road,3300,699,2013,HDB,127A Kim Tian Road,511,Everyone Welcome,2,2,,,,
317,Common Room (HDB) for Rent in 13 Holland Drive,1500,129,1975,HDB,13 Holland Drive,369,Everyone Welcome,1,0,Yes,,,
318,2 Room (2A) HDB for Rent in 547C Segar Road,2600,505,2015,HDB,547C Segar Road,126,Everyone Welcome,1,1,Yes,,,
319,2 Room (2I) HDB for Rent in 998B Buangkok Crescent,2000,505,2018,HDB,998B Buangkok Crescent,832,Everyone Welcome,1,1,Yes,,,
320,Master Room (HDB) for Rent in 515C Tampines Central 7,1200,120,2008,HDB,515C Tampines Central 7,803,Everyone Welcome,1,1,Yes,,,
321,Common Room (HDB) for Rent in 73 Lorong 4 Toa Payoh,2400,180,1969,HDB,73 Lorong 4 Toa Payoh,470,Everyone Welcome,1,0,Yes,,,
322,2 Room (2A) HDB for Rent in 363A Sembawang Crescent,3000,485,2019,HDB,363A Sembawang Crescent,742,Everyone Welcome,1,1,Yes,,,
323,2 Room (2A) HDB for Rent in 424B Yishun Avenue 11,2600,506,2015,HDB,424B Yishun Avenue 11,639,Everyone Welcome,1,1,Yes,,,
324,2 Room (2A) HDB for Rent in 693B Woodlands Avenue 6,2800,506,2018,HDB,693B Woodlands Avenue 6,430,Everyone Welcome,1,1,Yes,,,
325,2 Room (2A) HDB for Rent in 408A Northshore Drive,1900,506,2020,HDB,408A Northshore Drive,140,Everyone Welcome,1,1,Yes,,,
326,Master Room (HDB) for Rent in 2A Geylang Serai,2300,1033,2011,HDB,2A Geylang Serai,528,Everyone Welcome,1,2,Yes,,,
327,2 Room (2A) HDB for Rent in 327A Sumang Walk,1200,506,2018,HDB,327A Sumang Walk,145,Everyone Welcome,1,1,Yes,,,
328,Common Room (HDB) for Rent in 41A Margaret Drive,1300,80,-,HDB,41A Margaret Drive,284,Everyone Welcome,1,1,Yes,,,
329,Common Room (HDB) for Rent in 209 Yishun Street 21,850,130,1985,HDB,209 Yishun Street 21,352,Everyone Welcome,1,0,Yes,,,
330,4 Room HDB common Room in 412 Jurong West Street 42,850,1129,-,HDB,412 Jurong West Street 42,426,Everyone Welcome,1,0,Yes,,,
331,Common Room (HDB) for Rent in 205 Bukit Batok Street 21,950,150,-,HDB,205 Bukit Batok Street 21,199,Everyone Welcome,1,0,Yes,,,
332,"Terrace View, 3 Bed Apartment (Condo)",5900,1334,-,Condo,362 Onan Road,495,Everyone Welcome,3,2,,,,
333,"Monterey Park Condominium, 2 Bed Condo",4500,1023,2006,Condo,21 West Coast Rise,710,Everyone Welcome,2,2,,,,
334,"Botannia, 3 Bed Condo",5500,1302,2009,Condo,33A West Coast Park,906,Everyone Welcome,3,3,,,,
335,"Botannia, 3 Bed Condo",5500,1302,2009,Condo,33A West Coast Park,906,Everyone Welcome,3,3,,,,
336,"Newest, Common Room (Condo)",1550,150,2017,Condo,3 West Coast Drive,684,Everyone Welcome,1,0,Yes,,,
337,"Botannia, Room (Condo)",5800,150,2009,Condo,31 West Coast Park,945,Everyone Welcome,1,2,Yes,,,
338,"Botannia, 3 Bed Condo",5800,1270,2009,Condo,29 West Coast Park,850,Everyone Welcome,3,3,,,,
339,"Carabelle, 2 Bed Condo",4500,883,2009,Condo,55 West Coast Way,853,Everyone Welcome,2,2,,,,
340,"Parc Riviera, 3 Bed Condo",7200,904,2020,Condo,101 West Coast Vale,870,Everyone Welcome,3,2,,,,
341,"Twin VEW, 2 Bed Apartment (Condo)",4500,780,2021,Condo,93 West Coast Vale,876,Everyone Welcome,2,2,,,,
342,"Botannia, Master Room (Condo)",2450,150,2009,Condo,29 West Coast Park,850,Everyone Welcome,1,3,Yes,,,
343,"Carabelle, 2 Bed Condo",4800,883,2009,Condo,51 West Coast Way,830,Everyone Welcome,2,2,,,,
344,"Newest, Room (Condo)",6300,100,2017,Condo,3 West Coast Drive,684,Everyone Welcome,1,0,Yes,,,
345,"Botannia, 3 Bed Condo (variant)",5500,1302,2009,Condo,33A West Coast Park,906,Everyone Welcome,3,3,,,,
346,"Hundred Trees, 4 Bed Condo",6800,1475,2013,Condo,95 West Coast Drive,597,Everyone Welcome,4,4,,,,
347,"The Infiniti, Common Room (Condo)",1900,130,2008,Condo,39F West Coast Park,934,Everyone Welcome,1,1,Yes,,,
348,"Twin VEW, 3 Bed Condo",1350,1184,2022,Condo,93 West Coast Vale,876,Everyone Welcome,3,3,,,,
349,"Carabelle, Room (Condo)",2200,150,2009,Condo,57 West Coast Way,835,Everyone Welcome,1,2,Yes,,,
350,"Monterey Park, Room (Condo)",2200,140,2006,Condo,23 West Coast Rise,672,Everyone Welcome,1,3,Yes,,,
351,"Parc Riviera, 2 Bed Condo",4500,710,2020,Condo,103 West Coast Vale,939,Everyone Welcome,2,2,,,,
352,"Hundred Trees, 3 Bed Condo",5800,1163,2013,Condo,95 West Coast Drive,597,Everyone Welcome,3,3,,,,
353,"Leville Isuites, 3 Bed Condo",5500,1056,2015,Condo,28 Ceylon Road,524,Everyone Welcome,3,2,,,,
354,"The Infiniti, 3+1 Bed Condo",6888,1562,2008,Condo,39F West Coast Park,934,Everyone Welcome,3,2,,,,
355,"Twin VEW, 3 Bed Condo (variant)",5500,904,2021,Condo,91 West Coast Vale,813,Everyone Welcome,3,2,,,,
356,Common Room (HDB) for Rent in 2D Geylang Serai,1200,120,2011,HDB,2D Geylang Serai 406002,529,Everyone Welcome,1,0,Yes,,,
357,Common Room (HDB) for Rent in 175 Woodlands Street 13,1200,200,-,HDB,175 Woodlands Street 13 730175,427,Everyone Welcome,1,0,Yes,,,
358,Common Room (HDB) for Rent in 830 Woodlands Street 83,850,150,-,HDB,830 Woodlands Street 83 730830,537,Everyone Welcome,1,0,Yes,,,
359,Common Room (HDB) for Rent in 329 Yishun Ring Road,1000,110,-,HDB,329 Yishun Ring Road 760329,832,Everyone Welcome,1,0,Yes,,,
360,Common Room (HDB) for Rent in 634 Yishun Street 61,900,100,-,HDB,634 Yishun Street 61 760634,704,Everyone Welcome,1,0,Yes,,,
361,Common Room (HDB) for Rent in 607 Yishun Street 61,750,180,1987,HDB,607 Yishun Street 61 760607,536,Everyone Welcome,1,0,Yes,,,
362,Common Room (HDB) for Rent in 204 Yishun Street 21,700,100,-,HDB,204 Yishun Street 21 760204,155,Everyone Welcome,1,0,Yes,,,
363,Master Room (HDB) for Rent in 467 Tampines Street 44,1100,224,-,HDB,467 Tampines Street 44 520467,381,Everyone Welcome,1,1,Yes,,,
364,Common Room (Condo) for Rent in Cityscape @ Farrer Park,1500,200,2015,Condo,101 Mergui Road 219067,692,Everyone Welcome,1,0,Yes,,,
365,Common Room (HDB) for Rent in 633 Pasir Ris Drive 3,900,150,-,HDB,633 Pasir Ris Drive 3 510633,576,Everyone Welcome,1,0,Yes,,,
366,Common Room (HDB) for Rent in 8890 Woodlands Drive 90,700,100,2017,HDB,889D Woodlands Drive 50 734899,627,Everyone Welcome,1,0,Yes,,,
367,Common Room (HDB) for Rent in 146 Pasir Ris Street 11,850,150,-,HDB,146 Pasir Bit Street 1151046,489,Everyone Welcome,1,0,Yes,,,
368,Master Room (Condo) for Rent in Sunny Palms,2000,850,2004,Condo,65 Lorong G Telok Kurau 426323,453,Everyone Welcome,1,1,Yes,,,
369,Common Room (HDB) for Rent in 721 Bedok Reservoir Road,800,150,1981,HDB,721 Bedok Reservoir Road 470721,682,Everyone Welcome,1,0,Yes,,,
370,Master Room (HDB) for Rent in 613 Clementi West Street 1,1600,160,-,HDB,613 Clementi West Street 1 120613,1318,Everyone Welcome,1,1,Yes,,,
371,Master Room (Landed) for Rent in The Woods,1800,250,2013,Landed,Westwood Avenue,420,Everyone Welcome,1,1,Yes,,,
372,Common Room (HDB) for Rent in 8 Saint George's Lane,1000,100,-,HDB,8 Saint George's Lane 320008,439,Everyone Welcome,1,0,Yes,,,
373,Common Room (Condo) for Rent in Sea Esta,1200,133,2015,Condo,28 Pasir Ris Link 518146,1154,Everyone Welcome,1,0,Yes,,,
374,Common Room (Condo) for Rent in Bishan 8,1200,100,2000,Condo,61 Bishan Street 21 574044,242,Everyone Welcome,1,0,Yes,,,
375,Common Room (Condo) for Rent in The Lakefront Residences,1250,102,2014,Condo,48 Lakeside Drive 648305,235,Everyone Welcome,1,0,Yes,,,
376,Common Room (HDB) for Rent in 807 Yishun Ring Road,600,130,1987,HDB,807 Yishun Ring Road 760807,180,Everyone Welcome,1,0,Yes,,,
377,Common Room (HDB) for Rent in 581 Woodlands Drive 16,750,150,1998,HDB,581 Woodlands Drive 16 730581,459,Everyone Welcome,1,0,Yes,,,
378,Common Room (HDB) for Rent in 713 Jurong West Street 71,800,100,-,HDB,713 Jurong West Street 71 640713,553,Everyone Welcome,1,0,Yes,,,
379,Common Room (HDB) for Rent in 822 Jurong West Street 81,550,129,-,HDB,822 Jurong West Street 81 640822,463,Everyone Welcome,1,0,Yes,,,
380,Common Room (HDB) for Rent in 515C Templasa Central 7,1200,120,2008,HDB,515C Templasa Central 7 523515,803,Everyone Welcome,1,0,Yes,,,
381,Master Room (HDB) for Rent in 2750 Compassvale Link,1600,1001,2003,HDB,275D Compassvale Link 544275,41,Everyone Welcome,1,1,Yes,,,
382,Master Room (Condo) for Rent in Sunhaven,1880,200,2003,Condo,781 Upper Changi Road East 486069,715,Everyone Welcome,1,1,Yes,,,
383,Master Room (HDB) for Rent in 386 Bukit Bakok West Avenue 5,1200,1292,-,HDB,386 Bukit Bakok West Avenue 5 650386,570,Everyone Welcome,1,1,Yes,,,
384,Common Room (HDB) for Rent in 104A Bladed Park Drive,1200,100,2020,HDB,104A Bladed Park Drive 341104,386,Everyone Welcome,1,0,Yes,,,
385,Common Room (Condo) for Rent in 11 Joe Chiat Place,1800,220,-,Condo,11 Joe Chiat Place 427744,768,Everyone Welcome,1,0,Yes,,,
386,Master Room (HDB) for Rent in 13 Holland Drive,1600,145,1975,HDB,13 Holland Drive 271013,369,Everyone Welcome,1,1,Yes,,,
387,Common Room (Condo) for Rent in Hundred Pains Residences,1300,100,2019,Condo,276 Yio Chu Kang Road 544604,414,Everyone Welcome,1,0,Yes,,,
388,Common Room (Condo) for Rent in 11 Joe Chiat Place,1850,220,-,Condo,11 Joe Chiat Place 427744,768,Everyone Welcome,1,0,Yes,,,
389,Common Room (HDB) for Rent in 713 Yishun Street 71,550,250,1994,HDB,713 Yishun Street 71 760713,870,Everyone Welcome,1,0,Yes,,,
390,Common Room (Landed) for Rent in Westville,900,150,1997,Landed,Westwood Avenue,330,Everyone Welcome,1,0,Yes,,,
391,Common Room (HDB) for Rent in 10D Paragol Field,955,120,-,HDB,101D Punggol Field 824101,93,Everyone Welcome,1,0,Yes,,,
392,Common Room (HDB) for Rent in 7B Woodlands Avenue 6,850,120,-,HDB,718 Woodlands Avenue 6 730718,103,Everyone Welcome,1,0,Yes,,,
393,Common Room (HDB) for Rent in 787C Woodlands Crescent,1200,120,-,HDB,787C Woodlands Crescent 733787,465,Everyone Welcome,1,0,Yes,,,
394,Common Room (HDB) for Rent in 132 Geylang East Avenue 1,1050,95,1966,HDB,132 Geylang East Avenue 1 380132,329,Everyone Welcome,1,0,Yes,,,
395,Common Room (Condo) for Rent in Southaven II,1700,150,1999,Condo,33 Hindhede Walk 587968,724,Everyone Welcome,1,0,Yes,,,
396,Common Room (HDB) for Rent in 713 Pasir Ris Street 72,1080,200,-,HDB,713 Pasir Ris Street 72 510713,149,Everyone Welcome,1,0,Yes,,,
397,Common Room (HDB) for Rent in 617A Punggol Drive,935,100,2013,HDB,617A Punggol Drive 821617,102,Everyone Welcome,1,0,Yes,,,
398,Common Room (HDB) for Rent in 303C Punggol Central,700,100,2011,HDB,303C Punggol Central 823303,310,Everyone Welcome,1,0,Yes,,,
399,Common Room (HDB) for Rent in 942 Hougang Street 92,820,100,-,HDB,942 Hougang Street 92 530942,751,Everyone Welcome,1,0,Yes,,,
400,Common Room (HDB) for Rent in 231 Yishun Street 21,550,120,-,HDB,231 Yishun Street 21 760231,554,Everyone Welcome,1,0,Yes,,,
401,Common Room (HDB) for Rent in 288C Compassvale Crescent,1100,150,2017,HDB,288C Compassvale Crescent 543288,484,Everyone Welcome,1,0,Yes,,,
402,Master Room (Condo) for Rent in Simsville,2480,170,1998,Condo,6 Geylang East Avenue 2 389756,358,Everyone Welcome,1,1,Yes,,,
403,Common Room (HDB) for Rent in 205 Bukit Batok Street 21,950,150,-,HDB,205 Bukit Batok Street 21 650205,199,Everyone Welcome,1,0,Yes,,,
404,Master Room (Condo) for Rent in Dover Parkview,2450,120,1997,Condo,32 Dover Rise 138686,719,Everyone Welcome,1,1,Yes,,,
405,Common Room (HDB) for Rent in 588A Ang Mo Kio Street 52,850,120,2011,HDB,588A Ang Mo Kio Street 52 561588,426,Everyone Welcome,1,0,Yes,,,
406,Common Room (HDB) for Rent in 271A Jurong West Street 24,800,139,-,HDB,271A Jurong West Street 24 641271,512,Everyone Welcome,1,0,Yes,,,
407,Master Room (HDB) for Rent in 556 Ang Mo Kio Avenue 10,1200,320,1980,HDB,556 Ang Mo Kio Avenue 10 560556,642,Everyone Welcome,1,1,Yes,,,
408,Common Room (HDB) for Rent in 175 Woodlands Street 13,1200,200,-,HDB,175 Woodlands Street 13 730175,427,Everyone Welcome,1,0,Yes,,,
409,Master Room (Landed) for Rent in Pavilion Park,1480,120,2001,Landed,Pavilion Place,192,Everyone Welcome,1,1,Yes,,,
410,Master Room (HDB) for Rent in 518 Jeiapang Road,700,130,1999,HDB,518 Jeiapang Road,252,Everyone Welcome,1,1,Yes,,,
411,Common Room (HDB) for Rent in 255 Ang Mo Kio Avenue 4,700,106,1977,HDB, 255 Ang Mo Kio Avenue 4 560255,359,Everyone Welcome,1,0,Yes,,,
412,Common Room (Condo) for Rent in Kreta Ayer Conservation Area,1400,110,-,Condo,15 Temple Street 058562,196,Everyone Welcome,1,0,Yes,,,
413,Master Room (HDB) for Rent in 467 Tampines Street 44,1100,224,-,HDB,467 Tampines Street 44 520467,381,Everyone Welcome,1,1,Yes,,,
414,Common Room (Condo) for Rent in Cityscape @ Farrer Park,1500,200,2015,Condo,101 Mergui Road 219067,828,Everyone Welcome,1,0,Yes,,,
415,Common Room (HDB) for Rent in Telek Binggah Crescent,1800,250,-,HDB,1 Telok Blangah Crescent 098915,2000,Everyone Welcome,1,0,Yes,,,
416,Master Room (HDB) for Rent in It& Stirling Road,1700,121,2000,HDB,184 Stirling Road 140184,224,Everyone Welcome,1,1,Yes,,,
417,Master Room (Condo) for Rent in Eastvale,1500,300,1999,Condo,39 Pasir Ris Drive 3 519495,462,Everyone Welcome,1,1,Yes,,,
418,Common Room (HDB) for Rent in 408 Woodlands Street 41,1000,100,-,HDB,408 Woodlands Street 41 730408,449,Everyone Welcome,1,0,Yes,,,
419,Common Room (HDB) for Rent in 505 Chao Chu Kang Street 51,800,120,-,HDB,503 Chao Chu Kang Street 51 680505,465,Everyone Welcome,1,0,Yes,,,
420,Common Room (HDB) for Rent in 634 Yishun Street 61,900,100,-,HDB,634 Yishun Street 61 760634,704,Everyone Welcome,1,0,Yes,,,
421,Common Room (HDB) for Rent in 58 Geylang Bahru,1000,135,-,HDB,58 Geylang Bahru 330058,436,Everyone Welcome,1,0,Yes,,,
422,Common Room (HDB) for Rent in 81 Bedok North Road,1000,120,-,HDB,81 Bedok North Road 460081,688,Everyone Welcome,1,0,Yes,,,
423,Common Room (HDB) for Rent in 173A Punggol Field,850,150,-,HDB,173A Punggol Field 821173,10,Everyone Welcome,1,0,Yes,,,
424,Master Room (HDB) for Rent in 184A Rivervale Crescent,1400,100,-,HDB,184A Rivervale Crescent 541184,176,Everyone Welcome,1,1,Yes,,,
425,Master Room (HDB) for Rent in 281 Bukit Batok East Avenue 3,1300,200,1987,HDB,281 Bukit Batok East Avenue 3 650281,909,Everyone Welcome,1,1,Yes,,,
426,Common Room (HDB) for Rent in 77A Redhill Road,1400,100,-,HDB,77A Redhill Road 151077,117,Everyone Welcome,1,0,Yes,,,
427,Common Room (HDB) for Rent in 253 Simei Street 1,900,150,-,HDB,253 Simei Street 1 520253,173,Everyone Welcome,1,0,Yes,,,
428,5 Room (5A) HDB for Rent in 242 Serangoon Avenue 3,4200,1302,-,HDB,242 Serangoon Avenue 3 550242,518,Everyone Welcome,3,2,,,,
429,Common Room (HDB) for Rent in 713 Jurong West Street 71,1000,110,-,HDB,713 Jurong West Street 71 640713,553,Everyone Welcome,1,0,Yes,,,
430,1 Room HDB for Rent in 261D Sengkang East Way,3900,1259,2001,HDB,261D Sengkang East Way 544261,231,Everyone Welcome,3,2,,,,
431,Master Room (HDB) for Rent in 467 Tampines Street 44,1100,224,-,HDB,467 Tampines Street 44 520467,381,Everyone Welcome,1,1,Yes,,,
432,Common Room (HDB) for Rent in 633 Pasir Ris Drive 3,900,150,-,HDB,633 Pasir Ris Drive 3 510633,576,Everyone Welcome,1,0,Yes,,,
433,5 Room (5I) HDB for Rent in 313 Sembawang Drive,3500,1291,2001,HDB,313 Sembawang Drive 750313,535,Everyone Welcome,3,2,,,,
434,4 Room (4A) HDB for Rent in 770 Choa Chu Kang Street 54,3300,1141,-,HDB,770 Choa Chu Kang Street 54 680770,443,Everyone Welcome,3,2,,,,
435,Common Room (HDB) for Rent in 109 Punggol Field,450,100,-,HDB,109 Punggol Field 820109,167,Everyone Welcome,1,0,Yes,,,
436,Master Room (HDB) for Rent in 766 Bedok Reservoir View,1100,200,2000,HDB,766 Bedok Reservoir View 470766,416,Everyone Welcome,1,1,Yes,,,
437,Common Room (HDB) for Rent in 607 Yishun Street 61,750,180,1987,HDB,607 Yishun Street 61 760607,536,Everyone Welcome,1,0,Yes,,,
438,Common Room (HDB) for Rent in 718 Woodlands Avenue 6,850,120,-,HDB,718 Woodlands Avenue 6 730718,103,Everyone Welcome,1,0,Yes,,,
439,Common Room (HDB) for Rent in 288C Compassvale Crescent,1100,150,2017,HDB,288C Compassvale Crescent 543288,484,Everyone Welcome,1,0,Yes,,,
440,3 Room (3I) HDB for Rent in 467 North Bridge Road,3300,646,1981,HDB,467 North Bridge Road 190467,217,Everyone Welcome,2,1,,,,
441,5 Room (5I) HDB for Rent in 168A Simei Lane,4200,1205,2011,HDB,168A Simei Lane 521168,299,Everyone Welcome,3,2,,,,
442,Executive HDB for Rent in 333 Tampines Street 32,4098,1603,-,HDB,333 Tampines Street 32 520333,704,Everyone Welcome,3,2,,,,
443,5 Room (5I) HDB for Rent in 124 Rivervale Drive,3500,1291,1999,HDB,124 Rivervale Drive 540124,347,Everyone Welcome,3,2,,,,
444,4 Room (4NG) HDB for Rent in 108 Yishun Ring Road,3400,1044,-,HDB,108 Yishun Ring Road 760108,733,Everyone Welcome,3,2,,,,
445,5 Room (5A) HDB for Rent in 153A Lorong 1 Toa Payoh,4500,1301,1999,HDB,153A Lorong 1 Toa Payoh 311153,288,Everyone Welcome,3,2,,,,
446,Common Room (HDB) for Rent in 713 Yishun Street 71,550,250,1984,HDB,713 Yishun Street 71 760713,870,Everyone Welcome,1,0,Yes,,,
447,3 Room (3NG) HDB for Rent in 129 Ang Mo Kio Avenue 3,3100,700,1979,HDB,129 Ang Mo Kio Avenue 3 560129,522,Everyone Welcome,3,2,,,,
448,5 Room (5I) HDB for Rent in 493 Admiralty Link,3600,1184,2004,HDB,493 Admiralty Link 750493,906,Everyone Welcome,2,2,,,,
449,5 Room (5I) HDB for Rent in 244 Bukit Panjang Ring Road,3400,1200,-,HDB,244 Bukit Panjang Ring Road 670244,109,Everyone Welcome,4,2,,,,
450,3 Room (3I) HDB for Rent in 308 Clementi Avenue 4,3400,732,1979,HDB,308 Clementi Avenue 4 120308,658,Everyone Welcome,2,2,,,,
451,4 Room (4A) HDB for Rent in 4738 Yishun Street 42,3400,1001,-,HDB,473B Yishun Street 42 762473,2600,Everyone Welcome,3,3,,,,
452,Common Room (HDB) for Rent in 8 Saint George's Lane,1000,100,-,HDB,8 Saint George's Lane 320008,439,Everyone Welcome,1,0,Yes,,,
453,Common Room (HDB) for Rent in 101D Punggol Field,940,120,-,HDB,101D Punggol Field 824101,93,Everyone Welcome,1,0,Yes,,,
454,4 Room (4A) HDB for Rent in 424D Yishun Avenue 11,3500,900,2015,HDB,424D Yishun Avenue 11 764424,1727,Everyone Welcome,3,2,,,,
455,Common Room (HDB) for Rent in 209 Yishun Street 21,850,130,1985,HDB,209 Yishun Street 21 760209,352,Everyone Welcome,1,0,Yes,,,
456,4 Room (42) HDB for Rent in 35 Chai Chee Avenue,3600,950,1975,HDB,35 Chai Chee Avenue 461035,389,Everyone Welcome,3,1,,,,
457,5 Room (55T0) HDB for Rent in 68D7 Chee Chu Kang Drive,3485,1184,-,HDB,687D Choa Chu Kang Drive 684687,821,Everyone Welcome,3,2,,,,
458,Master Room (HDB) for Rent in 613 Clementi West Street 1,1300,160,-,HDB,613 Clementi West Street 1 120613,1318,Everyone Welcome,1,1,Yes,,,
459,Common Room (HDB) for Rent in 971 Lorong 3 Tea Payoh,1000,80,1970,HDB,97 Lorong 3 Toa Payoh 310097,237,Everyone Welcome,1,0,Yes,,,
460,Common Room (HDB) for Rent in 175 Woodlands Street 13,1200,200,-,HDB,175 Woodlands Street 13 730175,427,Everyone Welcome,1,0,Yes,,,
461,Common Room (HDB) for Rent in 588A Ang Mo Kio Street 52,850,120,2011,HDB,588A Ang Mo Kio Street 52 561588,426,Everyone Welcome,1,0,Yes,,,
462,4 Room (4A) HDB for Rent in 784 Choa Chu Kang Drive,3400,1206,-,HDB,784 Choa Chu Kang Drive 680784,318,Everyone Welcome,3,2,,,,
463,5 Room (5A) HDB for Rent in 480 Sembawang Drive,3600,1185,-,HDB,480 Sembawang Drive 750480,644,Everyone Welcome,3,2,,,,
464,5 Room (5A) HDB for Rent in 354C Admiralty Drive,3400,1184,-,HDB,354C Admiralty Drive 753354,264,Everyone Welcome,3,2,,,,
465,5 Room (5I) HDB for Rent in 313 Sembawang Drive,3500,1291,2001,HDB,313 Sembawang Drive 750313,535,Everyone Welcome,3,2,,,,
466,Common Room (HDB) for Rent in 271A Jurong West Street 24,800,139,-,HDB,271A Jurong West Street 24 641271,512,Everyone Welcome,1,0,Yes,,,
467,Common Room (HDB) for Rent in 588A Ang Mo Kio Street 52,850,120,2011,HDB,588A Ang Mo Kio Street 52 561588,426,Everyone Welcome,1,0,Yes,,,
468,5 Room (5STD) HDB for Rent in 687D Choa Chu Kang Drive,3485,1184,-,HDB,687D Choa Chu Kang Drive 684687,821,Everyone Welcome,3,2,,,,
469,Master Room (HDB) for Rent in 752 Yishun Street 72,1300,180,1984,HDB,752 Yishun Street 72 760752,267,Everyone Welcome,1,1,Yes,,,
470,4 Room (4STD) HDB for Rent in 51 Lengkok Bahru,4088,904,-,HDB,51 Lengkok Bahru 150051,551,Everyone Welcome,3,2,,,,
471,Common Room (HDB) for Rent in 617A Punggol Drive,935,100,2013,HDB, 617A Punggol Drive 821617,102,Everyone Welcome,1,0,Yes,,,
472,3 Room (3NG) HDB for Rent in 541 Ang Mo Kio Avenue 10,2900,882,1981,HDB,541 Ang Mo Kio Avenue 10 560541,797,Everyone Welcome,2,2,,,,
473,Common Room (HDB) for Rent in 132 Geylang East Avenue 1,1050,95,1986,HDB, 132 Geylang East Avenue 1 380132,329,Everyone Welcome,1,0,Yes,,,
474,Common Room (HDB) for Rent in 718 Woodlands Avenue 6,850,120,-,HDB,718 Woodlands Avenue 6 730718,103,Everyone Welcome,1,0,Yes,,,
475,5 Room (5A) HDB for Rent in 104 Whampoa Drive,4450,1302,1974,HDB,104 Whampoa Drive 323104,926,Everyone Welcome,3,2,,,,
476,Executive HDB for Rent in 333 Tampines Street 32,4098,1603,-,HDB,333 Tampines Street 32 520333,704,Everyone Welcome,3,2,,,,
477,Common Room (HDB) for Rent in 889D Woodlands Drive 50,700,100,2017,HDB,889D Woodlands Drive 50 734889,627,Everyone Welcome,1,0,Yes,,,
478,3 Room (3A) HDB for Rent in 104 Bukit Purmei Road,3800,807,1984,HDB,104 Bukit Purmei Road 090104,544,Everyone Welcome,2,2,,,,
479,Master Room (HDB) for Rent in 766 Bedok Reservoir View,1100,200,2000,HDB,766 Bedok Reservoir View 470766,416,Everyone Welcome,1,1,Yes,,,
480,Common Room (HDB) for Rent in 175 Woodlands Street 13,1200,200,-,HDB,175 Woodlands Street 13 730175,427,Everyone Welcome,1,0,Yes,,,
481,Master Room (HDB) for Rent in 13 Holland Drive,1600,145,1975,HDB,13 Holland Drive 271013,369,Everyone Welcome,1,1,Yes,,,
482,Common Room (HDB) for Rent in 257 Bangkit Road,800,50,1989,HDB,257 Bangkit Road 670257,179,Everyone Welcome,1,0,Yes,,,
483,Common Room (HDB) for Rent in 428 Tampines Street 41,1200,90,1985,HDB,428 Tampines Street 41 520428,671,Everyone Welcome,1,0,Yes,,,
484,Master Room (HDB) for Rent in 184 Stirling Road,1700,121,2000,HDB,184 Stirling Road 140184,224,Everyone Welcome,1,1,Yes,,,
485,Common Room (HDB) for Rent in 619 Hougang Avenue 8,700,130,1999,HDB,619 Hougang Avenue 8 530619,1049,Everyone Welcome,1,0,Yes,,,
486,4 Room (4A) HDB for Rent in 424D Yishun Avenue 11,3500,900,2015,HDB, 424D Yishun Avenue 11 764424,1727,Everyone Welcome,3,2,,,,
487,3 Room (3S) HDB for Rent in 139 Bedok Reservoir Road,3100,688,1987,HDB,139 Bedok Reservoir Road 470139,463,Everyone Welcome,2,2,,,,
488,Common Room (HDB) for Rent in 730 Woodlands Circle,1000,150,-,HDB, 730 Woodlands Circle 730730,413,Everyone Welcome,1,0,Yes,,,
489,3 Room HDB for Rent in 868 Yishun Street 81,3800,904,1985,HDB,868 Yishun Street 81 760868,624,Everyone Welcome,3,2,,,,
490,Common Room (HDB) for Rent in 205 Bukit Batok Street 21,950,150,-,HDB,205 Bukit Batok Street 21 650205,199,Everyone Welcome,1,0,Yes,,,
491,5 Room (5S) HDB for Rent in 493 Admiralty Link,3600,1184,2004,HDB, 493 Admiralty Link 750493,906,Everyone Welcome,2,2,,,,
492,4 Room (4A) HDB for Rent in 784 Choa Chu Kang Drive,3400,1206,-,HDB,784 Choa Chu Kang Drive 680784,318,Everyone Welcome,3,2,,,,
493,Common Room (HDB) for Rent in 408 Woodlands Street 41,1000,100,-,HDB,408 Woodlands Street 41 730408,449,Everyone Welcome,1,0,Yes,,,
494,Common Room (HDB) for Rent in Telok Blangah Crescent,1800,250,-,HDB,1 Telok Blangah Crescent 098915,2600,Everyone Welcome,1,0,Yes,,,
495,3 Room (3STD) HDB for Rent in 6 Telok Blangah Crescent,3000,643,1975,HDB,6 Telok Blangah Crescent 090006,1800,Everyone Welcome,2,1,,,,
496,Common Room (HDB) for Rent in 713 Yishun Street 71,550,250,1984,HDB,713 Yishun Street 71 760713,870,Everyone Welcome,1,0,Yes,,,
497,3 Room (3I) HDB for Rent in 124 Lorong 1 Toa Payoh,3300,721,1968,HDB,124 Lorong 1 Toa Payoh 310124,195,Everyone Welcome,2,1,,,,
498,4 Room (4NG) HDB for Rent in 317B Yishun Avenue 9,3300,990,2015,HDB,317B Yishun Avenue 9 762317,1010,Everyone Welcome,2,2,,,,
499,Common Room (HDB) for Rent in 204 Yishun Street 21,700,100,-,HDB,204 Yishun Street 21 760204,155,Everyone Welcome,1,0,Yes,,,
500,5 Room (5A) HDB for Rent in 242 Serangoon Avenue 3,4200,1300,-,HDB,242 Serangoon Avenue 3 550242,518,Everyone Welcome,3,2,,,,
501,1 Room HDB for Rent in 261D Sengkang East Way,3900,1259,2001,HDB,261D Sengkang East Way 544261,231,Everyone Welcome,3,2,,,,
502,2 Bed Condo for Rent in The Creek,4900,629,2019,Condo,105 Prince Charles Crescent 159019,445,Everyone Welcome,2,1,,,,
503,1+1 Bed Condo for Rent in V On Shenton,4850,720,2017,Condo,5A Shenton Way 068814,175,Everyone Welcome,1,1,Yes,,,
504,Common Room (HDB) for Rent in 713 Jurong West Street 71,1000,110,-,HDB,713 Jurong West Street 71 640713,535,Everyone Welcome,1,0,Yes,,,
505,2 Bed Condo for Rent in Ardena Park,4600,1001,1998,Condo, 30 Lorong Mydin 416825,90,Everyone Welcome,2,2,,,,
506,3 Bed Condo for Rent in Spring Grove,10000,7359,1998,Condo,53B Grange Road 249567,647,Everyone Welcome,5,3,,,,
507,Master Room (HDB) for Rent in 467 Tampines Street 44,1100,224,-,HDB,467 Tampines Street 44 520467,381,Everyone Welcome,1,1,Yes,,,
508,1 Bed Condo for Rent in High Park Residences,2800,452,2019,Condo, 31 Fernvale Road 797417,250,Everyone Welcome,1,1,Yes,,,
509,Common Room (HDB) for Rent in 633 Pasir Ris Drive 3,900,150,-,HDB,633 Pasir Ris Drive 3 510633,576,Everyone Welcome,1,0,Yes,,,
510,1 Bed Condo for Rent in One Pearl Bank,4680,560,2024,Condo,1 Pearl Bank 169016,185,Everyone Welcome,1,1,Yes,,,
511,4+1 Bed Apartment (Condo) for Rent in High Point,8000,2950,1974,Condo,30 Mount Elizabeth 228519,526,Everyone Welcome,4,4,,,,
512,Common Room (HDB) for Rent in 109 Punggol Field,450,100,-,HDB,109 Punggol Field 820109,167,Everyone Welcome,1,0,Yes,,,
513,Common Room (Condo) for Rent in The Glades,1500,120,2017,Condo,8 Bedok Rise 469600,136,Everyone Welcome,1,0,Yes,,,
514,2 Bed Condo for Rent in Country Park Condominium,4300,1109,2003,Condo,37 Bedok Road 469360,164,Everyone Welcome,2,2,,,,
515,Master Room (Condo) for Rent in Sunny Palms,2000,850,2004,Condo, 65 Lorong G Telok Kurau 426323,453,Everyone Welcome,1,1,Yes,,,
516,2 Bed Apartment (Condo) for Rent in FLANDERS SQUARE,3700,400,-,Condo, 22 FLANDERS SQUARE 209306,326,Everyone Welcome,2,2,,,,
517,Studio Condo for Rent in Soleri @ Sinaran,3900,581,2011,Condo, 6 Sinaran Drive 307468,151,Everyone Welcome,1,1,,,,
518,3 Bed Executive Condo for Rent in Sol Acres,4000,1056,2018,Condo,8 Choa Chu Kang Grove 688206,259,Everyone Welcome,3,3,,,,
519,3+1 Bed Condo for Rent in Jawolai Regency,8000,2496,2003,Condo,49 Jervois Road 249081,793,Everyone Welcome,3,2,,,,
520,3+1 Bed Condo for Rent in Regent Heights,4400,1173,1999,Condo,50 Bukit Batok East Avenue 5 659801,860,Everyone Welcome,3,3,,,,
521,4 Bed Apartment (Condo) for Rent in Race Course 138,6000,1615,2004,Condo,138 Race Course Road 218591,352,Everyone Welcome,4,3,,,,
522,Master Room (HDB) for Rent in 766 Bedok Reservoir View,1100,200,2000,HDB,766 Bedok Reservoir View 470766,416,Everyone Welcome,1,1,Yes,,,
523,5 Room (5I) HDB for Rent in 313 Sembawang Drive,3500,1291,2001,HDB,313 Sembawang Drive 750313,535,Everyone Welcome,3,2,,,,
524,2 Bed Apartment (Condo) for Rent in Empire Lofts,7800,1440,2004,Condo,43 Mosque Street 059521,137,Everyone Welcome,2,2,,,,
525,1 Bed Apartment (Condo) for Rent in 76 Shenton,4300,624,2014,Condo,76 Shenton Way 079119,118,Everyone Welcome,1,1,Yes,,,
526,2 Bed Condo for Rent in Kallang Riverside,5900,1033,2019,Condo,51 Kampong Bugis 338986,454,Everyone Welcome,2,2,,,,
527,3 Bed Condo for Rent in Duet,7800,1668,2005,Condo, 76 Shenton Way 079119,776,Everyone Welcome,3,3,,,,
528,4 Room (4A) HDB for Rent in 770 Choa Chu Kang Street 54,3300,1141,-,HDB,770 Choa Chu Kang Street 54 680770,443,Everyone Welcome,3,2,,,,
529,2 Bed Condo for Rent in One Amber,5300,958,2010,Condo,1 Amber Gardens 439957,271,Everyone Welcome,2,2,,,,
530,Studio Condo for Rent in Eastwood Regency,2500,409,2013,Condo,42 Eastwood Road 486398,283,Everyone Welcome,1,1,,,,
531,4 Bed Terrace House (Landed) for Rent in Stratton Park,6000,2334,1992,Landed,Stratton Drive,1332,Everyone Welcome,4,3,,,,
532,Master Room (HDB) for Rent in 13 Holland Drive,1600,145,1975,HDB, 13 Holland Drive 271013,369,Everyone Welcome,1,1,Yes,,,
533,3 Room (3NG) HDB for Rent in 564 Ang Mo Kio Avenue 3,3100,792,-,HDB,564 Ang Mo Kio Avenue 3 560564,412,Everyone Welcome,2,2,,,,
534,1 Bed Apartment (Condo) for Rent in Prestige Heights,2600,344,2013,Condo, 348 Balestier Road 329778,956,Everyone Welcome,1,1,Yes,,,
535,Common Room (HDB) for Rent in 132 Geylang East Avenue 1,1050,95,1966,HDB, 132 Geylang East Avenue 1 380132,329,Everyone Welcome,1,0,Yes,,,
536,3 Bed Condo for Rent in Bayshore Park,4800,1173,1986,Condo, 50 Bayshore Road 469977,355,Everyone Welcome,3,2,,,,
537,3 Bed Apartment (Condo) for Rent in Alkaz,10400,1507,2014,Condo,16 Enggor Street 079717,255,Everyone Welcome,3,4,,,,
538,Common Room (Condo) for Rent in Sea Esta,1200,133,2015,Condo,28 Pasir Ris Link 518146,1154,Everyone Welcome,1,0,Yes,,,
539,1 Bed Condo for Rent in OUE Twin Peaks,4300,550,2015,Condo, 33 Leonie Hill Road 239197,478,Everyone Welcome,1,1,Yes,,,
540,3 Bed Condo for Rent in Regent Heights,4500,1173,1999,Condo,56 Bukit Batok East Avenue 5 659804,784,Everyone Welcome,3,2,,,,
541,Common Room (Condo) for Rent in The Esta,1250,133,2005,Condo,7 Pasir Ris Drive 4 519459,171,Everyone Welcome,1,0,Yes,,,
542,4+1 Bed Apartment (Condo) for Rent in High Point,8000,2950,1974,Condo,30 Mount Elizabeth 228519,526,Everyone Welcome,4,4,,,,
543,1 Bed Condo for Rent in Sims Urban Oasis,3650,441,2017,Condo,2 Sims Drive 387386,351,Everyone Welcome,1,1,Yes,,,
544,1 Bed Condo for Rent in Highline Residences,4200,506,2018,Condo,7 Kim Tian Road 168592,318,Everyone Welcome,1,1,Yes,,,
545,2 Bed Condo for Rent in The Alps Residences,3380,689,2020,Condo,113 Tampines Street 86 528536,1478,Everyone Welcome,2,1,,,,
546,3 Room HDB for Rent in 868 Yishun Street 81,3800,904,1985,HDB,868 Yishun Street 81 760868,624,Everyone Welcome,3,2,,,,
547,3 Bed Condo for Rent in Maple Woods,6900,1500,1997,Condo,987 Bukit Timah Road 589628,233,Everyone Welcome,3,3,,,,
548,2 Bed Condo for Rent in Chancery Court,4450,920,1981,Condo, 36H Dunearn Road 309433,453,Everyone Welcome,2,2,,,,
549,Common Room (Landed) for Rent in Westville,900,150,1997,Landed,Westwood Avenue,330,Everyone Welcome,1,0,Yes,,,
550,Common Room (HDB) for Rent in 428 Tampines Street 41,1200,90,1985,HDB,428 Tampines Street 41 320428,671,Everyone Welcome,1,0,Yes,,,
551,3 Room HDB for Rent in 64 Marine Drive,500,732,1975,HDB,64 Marine Drive 440064,319,Everyone Welcome,3,1,,,,
552,4 Room (4NG) HDB for Rent in 317B Yishun Avenue 9,3300,990,2015,HDB, 317B Yishun Avenue 9 762317,1010,Everyone Welcome,2,2,,,,
553,Common Room (Condo) for Rent in 11 Joe Chiat Place,1850,220,-,Condo,11 Joe Chiat Place 427744,768,Everyone Welcome,1,0,Yes,,,
554,5 Room (5I) HDB for Rent in 629 Woodlands Ring Road,3700,1313,1998,HDB,629 Woodlands Ring Road 730629,719,Everyone Welcome,3,2,,,,
555,3 Bed Cluster House (Landed) for Rent in Villa Des Flores,6500,2217,1985,Landed,Whitley Road,862,Everyone Welcome,3,3,,,,
556,3+1 Bed Condo for Rent in The Cascadia,7500,2378,2011,Condo,921 Bukit Timah Road 589624,484,Everyone Welcome,3,3,,,,
557,1 Bed Condo for Rent in The Florence Residences,3000,484,2023,Condo,87 Hougang Avenue 2 538862,637,Everyone Welcome,1,1,Yes,,,
558,Common Room (HDB) for Rent in Telok Blangah Crescent,1800,250,-,HDB,1 Telok Blangah Crescent 098915,2600,Everyone Welcome,1,0,Yes,,,
559,5 Bed Cluster House (Landed) for Rent in Eleven @ Holland,9000,3692,2014,Landed,Holland Link,829,Everyone Welcome,5,5,,,,
560,3 Bed Condo for Rent in Malvern Springs,8800,2659,2004,Condo,373 Onan Road 424775,430,Everyone Welcome,3,3,,,,
561,Common Room (HDB) for Rent in 617A Punggol Drive,935,100,2013,HDB,617A Punggol Drive 821617,102,Everyone Welcome,1,0,Yes,,,
562,Common Room (Condo) for Rent in Kreta Ayer Conservation Area,1450,110,-,Condo,15 Temple Street 058562,196,Everyone Welcome,1,0,Yes,,,
563,4 Room (4A) HDB for Rent in 424D Yishun Avenue 11,3500,900,2015,HDB,424D Yishun Avenue 11 764424,1727,Everyone Welcome,3,2,,,,
564,3 Bed Condo for Rent in Holland Hill Park,6500,1600,1992,Condo,7 Holland Hill 278731,712,Everyone Welcome,3,3,,,,
565,4+1 Bed Condo for Rent in Silversea,13999,2530,2014,Condo,52 Marine Parade Road 449308,624,Everyone Welcome,4,4,,,,
566,2 Bed Apartment (Condo) for Rent in Je Residence,4800,1313,2007,Condo,3 Joo Chiat Lane 428129,829,Everyone Welcome,2,2,,,,
567,2 Bed Apartment (Condo) for Rent around FLANDERS SQUARE,3700,400,-,Condo,22 FLANDERS SQUARE 209306,326,Everyone Welcome,2,2,,,,
568,Common Room (HDB) for Rent in 10D Punggol Field,955,120,-,HDB,101D Punggol Field 824101,93,Everyone Welcome,1,0,Yes,,,
569,4 Room (4A) HDB for Rent in 770 Choa Chu Kang Street 54,3300,1141,-,HDB, 770 Choa Chu Kang Street 54 680770,443,Everyone Welcome,3,2,,,,
570,4 Bed Terrace House (Landed) for Rent in Stratton Park,6000,2334,1992,Landed,Stratton Drive,1332,Everyone Welcome,4,3,,,,
571,Common Room (HDB) for Rent in 713 Jurong West Street 71,800,100,-,HDB,713 Jurong West Street 71 640713,553,Everyone Welcome,1,0,Yes,,,
572,1+1 Bed Condo for Rent in The M,4900,624,2023,Condo,30 Middle Road 188940,296,Everyone Welcome,1,1,Yes,,,
573,Master Room (Condo) for Rent in The Tampines Trilliant,1600,220,2015,Condo,33 Tampines Central 7 528614,929,Everyone Welcome,1,1,Yes,,,
574,4 Bed Bungalow (Landed) for Rent in Serangoon Garden Estate,10900,4000,-,Landed,Charlwell Drive,986,Everyone Welcome,4,4,,,,
575,Master Room (HDB) for Rent in 467 Tampines Street 44,1100,224,-,HDB,467 Tampines Street 44 520467,381,Everyone Welcome,1,1,Yes,,,
576,1 Bed Condo for Rent in High Park Residences,2800,452,2019,Condo,31 Fernvale Road 797417,250,Everyone Welcome,1,1,Yes,,,
577,1 Bed Apartment (Condo) for Rent in 76 Shenton,4300,624,2014,Condo,76 Shenton Way 079119,118,Everyone Welcome,1,1,Yes,,,
578,Common Room (Condo) for Rent in Hundred Palms Residences,1300,100,2019,Condo,276 Yio Chu Kang Road 544604,414,Everyone Welcome,1,0,Yes,,,
579,Master Room (Landed) for Rent in The Woods,1800,250,2013,Landed,Westwood Avenue,412,Everyone Welcome,1,1,Yes,,,
580,5 Room (5I) HDB for Rent in 168A Simei Lane,4200,1205,2011,HDB,168A Simei Lane 521168,299,Everyone Welcome,3,2,,,,
581,5 Room (5I) HDB for Rent in 244 Bukit Panjang Ring Road,3400,1200,-,HDB,244 Bukit Panjang Ring Road 670244,109,Everyone Welcome,4,2,,,,
582,6 Bed Semi-Detached House (Landed) for Rent in One K Greenlane,22000,6000,2005,Landed,Green Lane,590,Everyone Welcome,6,6,,,,
583,Common Room (Condo) for Rent in The Glades,1500,120,2017,Condo,8 Bedok Rise 469600,136,Everyone Welcome,1,0,Yes,,,
584,2 Bed Condo for Rent in The Wisteria / Wisteria Mall,3300,635,2019,Condo,590 Yishun Ring Road 768694,913,Everyone Welcome,2,1,,,,
585,Common Room (HDB) for Rent in 288C Compassvale Crescent,1100,150,2017,HDB,288C Compassvale Crescent 543288,484,Everyone Welcome,1,0,Yes,,,
586,2 Bed Condo for Rent in JadeScape,4300,646,2023,Condo,8 Shunfu Road 575754,444,Everyone Welcome,2,1,,,,
587,4 Room (4A) HDB for Rent in 128A Punggol Field Walk,3480,968,-,HDB,128A Punggol Field Walk 821128,25,Everyone Welcome,3,2,,,,
588,4 Room (4I) HDB for Rent in 35 Chai Chee Avenue,3600,950,1975,HDB,35 Chai Chee Avenue 461035,389,Everyone Welcome,3,1,,,,
589,Common Room (HDB) for Rent in 607 Yishun Street 61,750,180,1987,HDB,607 Yishun Street 61 760607,536,Everyone Welcome,1,0,Yes,,,
590,Studio Condo for Rent in Urban Vista,2750,250,2016,Condo,14 Tampines Kechil Link 465423,244,Everyone Welcome,1,1,,,,
591,2 Bed Condo for Rent in Astoria Park,4600,1001,1998,Condo,30 Lorong Mydin 416825,90,Everyone Welcome,2,2,,,,
592,Common Room (HDB) for Rent in 822 Jurong West Street 81,550,129,-,HDB,822 Jurong West Street 81 640822,463,Everyone Welcome,1,0,Yes,,,
593,2+1 Bed Condo for Rent in Spottiswoode Suites,5500,880,2007,Condo, 16 Spottiswoode Park Road 088661,407,Everyone Welcome,2,2,,,,
594,5 Room HDB for Rent in 104 Whampoa Drive,4400,1302,1974,HDB,104 Whampoa Drive 323104,926,Everyone Welcome,3,2,,,,
595,3+1 Bed Condo for Rent in Jawolai Regency,8000,2496,2003,Condo,49 Jervois Road 249081,793,Everyone Welcome,3,2,,,,
596,5 Room (5I) HDB for Rent in 124 Rivervale Drive,3500,1291,1999,HDB,124 Rivervale Drive 540124,347,Everyone Welcome,3,2,,,,
597,1 Bed Condo for Rent in 3 Cusaden,4600,463,2022,Condo,3 Cuscaden Walk 249690,266,Everyone Welcome,1,1,Yes,,,
598,1 Bed Condo for Rent in Eco Sanctuary,2950,500,2016,Condo,61 Chestnut Avenue 679522,829,Everyone Welcome,1,1,Yes,,,
599,3+1 Bed Condo for Rent in Le Hill Condominium,3500,1238,1999,Condo,42 Pasir Panjang Hill 118894,377,Everyone Welcome,3,2,,,,
600,1 Bed Apartment (Condo) for Rent in 265 Outram Road,3250,340,2019,Condo,265 Outram Road 169059,390,Everyone Welcome,1,1,Yes,,,
601,2 Bed Apartment (Condo) for Rent around Haig Road,3500,730,2013,Condo,162 Haig Road 438773,820,Everyone Welcome,2,2,,,,
602,1 Bed Condo for Rent in OUE Twin Peaks,4300,550,2016,Condo, 33 Leonie Hill Road 239197,478,Everyone Welcome,1,1,Yes,,,
603,3 Bed Condo for Rent in Holland Hill Park,6500,1600,1992,Condo,7 Holland Hill 278731,712,Everyone Welcome,3,3,,,,
604,Common Room (Condo) for Rent in Cityscape @ Farrer Park,1500,200,2015,Condo,101 Mergui Road 219067,692,Everyone Welcome,1,0,Yes,,,
605,1 Bed Condo for Rent in Queens Peak,3600,441,2020,Condo, 1 Dundee Road 149456,86,Everyone Welcome,1,1,Yes,,,
606,3 Bed Condo for Rent in La Fiesta,4600,1001,2016,Condo,56 Sengkang Square 544833,269,Everyone Welcome,3,3,,,,
607, 1 Bed Apartment (Condo) for Rent in Liv On Wilkie,3300,430,2019,Condo,9 Wilkie Terrace 228025,433,Everyone Welcome,1,1,Yes,,,
608,3 Room (3I) HDB for Rent in 98 Whampoa Drive,3000,700,1974,HDB,98 Whampoa Drive 320098,848,Everyone Welcome,2,1,,,,
609,4 Room (4A) HDB for Rent in 524 Bedok North Street 3,3600,990,-,HDB,524 Bedok North Street 3 460524,265,Everyone Welcome,3,2,,,,
610,4 Bed Condo for Rent in 111 Emerald Hill,15500,2411,2012,Condo,111 Emerald Hill Road 229391,512,Everyone Welcome,4,4,,,,
611,Master Room (HDB) for Rent in 943 Hougang Street 92,780,129,-,HDB,943 Hougang Street 92 530943,786,Everyone Welcome,1,1,Yes,,,
612,3+1 Bed Condo for Rent in The Cascadia,7500,2378,2011,Condo,921 Bukit Timah Road 589624,484,Everyone Welcome,3,3,,,,
613,1+1 Bed Condo for Rent in Marine Blue,4500,732,2016,Condo,91 Marine Parade Road 449314,258,Everyone Welcome,1,1,Yes,,,
614,5 Room (S) HDB for Rent in 681 Senja Link,3300,1084,-,HDB, 651 Senja Link 670651,97,Everyone Welcome,3,2,,,,
615,Common Room (HDB) for Rent in 314 Woodlands Street 31,600,173,-,HDB,314 Woodlands Street 31 730314,30,Everyone Welcome,1,0,Yes,,,
616,Common Room (HDB) for Rent in 938 Juareg West Street 91,1100,1302,-,HDB,938 Jurong West Street 91 640938,903,Everyone Welcome,1,0,Yes,,,
617,Master Room (Condo) for Rent in Loft 33,2200,225,2016,Condo, 33 Lorong 32 Geylang 398293,514,Everyone Welcome,1,1,Yes,,,
618,Common Room (Condo) for Rent in Southaven II,1700,150,1999,Condo,33 Hindhede Walk 587968,724,Everyone Welcome,1,0,Yes,,,
619,3 Room (34) HDB for Rent in 126C Kim Tian Road,3800,667,2013,HDB,126C Kim Tian Road 163126,463,Everyone Welcome,2,2,,,,
620,4 Room (4NG) HDB for Rent in 220 Serangoon Avenue 4,3600,990,-,HDB,220 Serangoon Avenue 4 550220,992,Everyone Welcome,3,2,,,,
621,Master Room (HDB) for Rent in 556 Ang Mo Kio Avenue 10,1200,320,1980,HDB,556 Ang Mo Kio Avenue 10 560556,642,Everyone Welcome,1,1,Yes,,,
622,4 Room (4A) HDB for Rent in 620 Bukit Panjang Ring Road,3000,968,-,HDB,620 Bukit Panjang Ring Road 670620,298,Everyone Welcome,3,2,,,,
623,5 Room (5A) HDB for Rent in 480 Sembawang Drive,3600,1185,-,HDB,480 Sembawang Drive 750480,644,Everyone Welcome,3,2,,,,
624,2+1 Bed Walk-up Apartment (Condo) for Rent around Joo Chiat Road,8800,1909,-,Condo,172 Joo Chiat Road 427443,849,Everyone Welcome,2,2,,,,
625,Common Room (HDB) for Rent in 81 Bedok North Road,1000,120,-,HDB,81 Bedok North Road 460081,688,Everyone Welcome,1,0,Yes,,,
626,5 Room (S) HDB for Rent in 738 Jaroog West Street 75,4400,1334,-,HDB,738 Jurong West Street 75 640738,293,Everyone Welcome,4,2,,,,
627,1 Bed Condo for Rent in High Park Residences,2900,463,2019,Condo,31 Fernvale Road 797417,250,Everyone Welcome,1,1,Yes,,,
628,Common Room (Condo) for Rent in Bishan &,1200,100,2000,Condo,Bishan Street 21 574044,242,Everyone Welcome,1,0,Yes,,,
629,4 Room (ASTD) HDB for Rent in 12 Cantonment Close,4100,607,2002,HDB,12 Cantonment Close 080012,480,Everyone Welcome,3,2,,,,
630,3 Bed Apartment (Condo) for Rent in Park Nova,15000,1432,2024,Condo,18 Tomlinson Road 247858,234,Everyone Welcome,3,2,,,,
631,1 Bed Apartment (Condo) for Rent in Prestige Heights,2600,344,2013,Condo, 348 Balestier Road 329778,956,Everyone Welcome,1,1,Yes,,,
632,1 Bed Condo for Rent in Highline Residences,4200,506,2018,Condo,7 Kim Tian Road 168592,318,Everyone Welcome,1,1,Yes,,,
633,2 Bed Condo for Rent in The Shore Residences,5950,883,2014,Condo,81 Amber Road 439893,584,Everyone Welcome,2,2,,,,
634,588 Woodlands Drive 16,700,100,1999,HDB,588 Woodlands Drive 16,290,Everyone Welcome,1,0,Yes,,,
635,154 Hougang Street 11,1000,150,1984,HDB,154 Hougang Street 11,890,Everyone Welcome,1,0,Yes,,,
636,307 Jurong East Street 32,1000,250,1983,HDB,307 Jurong East Street 32,900,Male only,1,0,Yes,,,
637,370 Bukit Batok Street 31,1300,130,1985,HDB,370 Bukit Batok Street 31,320,Everyone Welcome,1,0,Yes,,,
638,342 Woodlands Avenue 1,1000,200,1995,HDB,342 Woodlands Avenue 1,940,Everyone Welcome,1,0,Yes,,,
639,222 Pasir Ris Street 21,950,150,1992,HDB,222 Pasir Ris Street 21,530,Everyone Welcome,1,0,Yes,,,
640,249 Hougang Avenue 3,1400,150,1984,HDB,249 Hougang Avenue 3,1260,Everyone Welcome,1,0,Yes,,,
641,310C Ang Mo Kio Avenue 1,1000,90,2012,HDB,310C Ang Mo Kio Avenue 1,1000,Everyone Welcome,1,0,Yes,,,
642,310 Jurong East Street 32,800,120,1984,HDB,310 Jurong East Street 32,1030,Everyone Welcome,1,0,Yes,,,
643,207 Toa Payoh North,950,85,1973,HDB,207 Toa Payoh North,400,Everyone Welcome,1,0,Yes,,,
644,303 Canberra Road,1300,200,1997,HDB,303 Canberra Road,770,Everyone Welcome,1,0,Yes,,,
645,53 New Upper Changi Road,950,130,1976,HDB,53 New Upper Changi Road,760,Everyone Welcome,1,0,Yes,,,
646,211 Jurong East Street 21,1000,200,1982,HDB,211 Jurong East Street 21,1260,Everyone Welcome,1,0,Yes,,,
647,683C Woodlands Drive 62,800,140,1998,HDB,683C Woodlands Drive 62,450,Everyone Welcome,1,0,Yes,,,
648,219 Lorong 8 Toa Payoh,1000,150,1977,HDB,219 Lorong 8 Toa Payoh,1750,Everyone Welcome,1,0,Yes,,,
649,684B Jurong West Street 64,1100,125,1998,HDB,684B Jurong West Street 64,890,Everyone Welcome,1,0,Yes,,,
650,763 Pasir Ris Street 71,900,100,1994,HDB,763 Pasir Ris Street 71,1080,Everyone Welcome,1,0,Yes,,,
651,103 Jurong East Street 13,1100,150,1982,HDB,103 Jurong East Street 13,750,Everyone Welcome,1,0,Yes,,,
652,103 Jurong East Street 13,1500,150,1982,HDB,103 Jurong East Street 13,750,Everyone Welcome,1,0,Yes,,,
653,132 Simei Street 1,1000,100,1987,HDB,132 Simei Street 1,600,Everyone Welcome,1,0,Yes,,,
654,261D Sengkang East Way,3900,1259,2001,HDB,261D Sengkang East Way 544261,231,Everyone Welcome,3,2,,,,
655,Maple Leaf Elite 1,5200,935,2023,Condo,120 Rangoon Road 218398,328,Everyone Welcome,2,2,,,,
656,Astoria Park,4600,1001,1998,Condo,30 Lorong Mydin 416825,90,Everyone Welcome,2,2,,,,
657,Spring Grove,10000,1789,1996,Condo,53B Grange Road 249567,647,Everyone Welcome,5,3,,,,
658,633 Pasir Ris Drive 3,850,150,-,HDB,633 Pasir Ris Drive 3 510633,576,Everyone Welcome,1,0,Yes,,,
659,Soleil @ Sinaran,5980,958,2011,Condo,6 Sinaran Drive 307468,151,Everyone Welcome,2,2,,,,
660,Sunny Palms,1700,200,2004,Condo,65 Lorong G Telok Kurau 426323,453,Everyone Welcome,1,1,Yes,,,
661,201C Punggol Field,3300,967,-,HDB,201C Punggol Field 823201,232,Everyone Welcome,3,2,,,,
662,Sol Acres,4000,1066,2018,Executive Condo,8 Choa Chu Kang Grove 688206,259,Everyone Welcome,3,3,,,,
663,Jervois Regency,8000,2496,2003,Condo,49 Jervois Road 249081,793,Everyone Welcome,3,2,,,,
664,313 Sembawang Drive,3500,1291,2001,HDB,313 Sembawang Drive 750313,535,Everyone Welcome,3,2,,,,
665,Tan Kim Cheng Road,28000,7400,-,Landed,Tan Kim Cheng Road,316,Everyone Welcome,5,6,,,,
666,Liv @ MB,8100,1216,2024,Condo,114D Arthur Road 439837,256,Everyone Welcome,3,2,,,,
667,766 Bedok Reservoir View,1100,200,2000,HDB,766 Bedok Reservoir View 470766,416,Everyone Welcome,1,1,Yes,,,
668,Kallang Riverside,5900,1033,2019,Condo,51 Kampong Bugis 338986,454,Everyone Welcome,2,2,,,,
669,One Amber,5300,958,2010,Condo,1 Amber Gardens 439957,271,Everyone Welcome,2,2,,,,
670,Maple Leaf Elite 2,5500,1055,2023,Condo,148 Rangoon Road 218425,410,Everyone Welcome,2,2,,,,
671,Stratton Park,6000,2800,1992,Landed,Stratton Drive,1332,Everyone Welcome,4,3,,,,
672,Gem Residences,2500,300,2020,Condo,1 Lorong 5 Toa Payoh 319458,461,Everyone Welcome,1,1,Yes,,,
673,713 Jurong West Street 71,1000,110,-,HDB,713 Jurong West Street 71 640713,553,Everyone Welcome,1,0,Yes,,,
674,787C Woodlands Crescent,1200,120,-,HDB,787C Woodlands Crescent 733787,465,Everyone Welcome,1,0,Yes,,,
675,High Park Residences,2800,452,2019,Condo,31 Fernvale Road 797417,250,Everyone Welcome,1,1,Yes,,,
676,One Pearl Bank,4680,560,2024,Condo,1 Pearl Bank 169016,185,Everyone Welcome,1,1,Yes,,,
677,Country Park Condominium,4300,1109,2003,Condo,37 Bedok Road 469360,164,Everyone Welcome,2,2,,,,
678,Kingsford Waterbay,3100,678,2018,Condo,80 Upper Serangoon View 533878,913,Everyone Welcome,2,2,,,,
679,324 Ubi Avenue 1,4000,1108,1985,HDB,324 Ubi Avenue 1 400324,180,Everyone Welcome,3,2,,,,
680,Parc Clematis,4600,710,2023,Condo,8 Jalan Lempeng 128796,738,Everyone Welcome,2,2,,,,
681,3 Holland Park,35000,9200,-,Landed,3 Holland Park,662,Everyone Welcome,5,7,,,,
682,139B Lorong 1A Toa Payoh,4200,1033,2013,HDB,139B Lorong 1A Toa Payoh 312139,621,Everyone Welcome,3,2,,,,
683,Kovan Melody,6200,1259,2006,Condo,33 Kovan Road 548192,168,Everyone Welcome,3,3,,,,
684,690C Choa Chu Kang Crescent,3200,990,2002,HDB,690C Choa Chu Kang Crescent 683690,700,Everyone Welcome,3,2,,,,
685,Eight Riversuites,4900,797,2016,Condo,8 Whampoa East 338518,270,Everyone Welcome,2,2,,,,
686,Clover By The Park,6800,1636,2012,Condo,2 Bishan Street 25 573973,480,Everyone Welcome,3,3,,,,
687,678B Jurong West Street 64,3100,990,2000,HDB,678B Jurong West Street 64 642678,690,Everyone Welcome,3,2,,,,
688,403 Serangoon Avenue 1,3000,990,1989,HDB,403 Serangoon Avenue 1 550403,550,Everyone Welcome,3,2,,,,
689,The Minton,4800,1130,2013,Condo,10 Hougang Street 11 538679,800,Everyone Welcome,3,2,,,,
690,506C Yishun Avenue 4,3200,990,2016,HDB,506C Yishun Avenue 4 763506,610,Everyone Welcome,3,2,,,,
691,Lake Grande,3900,710,2020,Condo,6 Jurong Lake Link 648162,150,Everyone Welcome,2,1,,,,
692,The Tembusu,5000,753,2017,Condo,107 Tampines Road 535130,300,Everyone Welcome,2,2,,,,
693,152 Simei Street 1,3600,1108,1988,HDB,152 Simei Street 1 520152,400,Everyone Welcome,3,2,,,,
694,The Panorama,4700,775,2019,Condo,18 Ang Mo Kio Avenue 2 567695,600,Everyone Welcome,2,2,,,,
695,City Square Residences,5500,861,2009,Condo,10 Kitchener Link 207227,90,Everyone Welcome,2,2,,,,
696,268C Punggol Field,3100,1001,2004,HDB,268C Punggol Field 823268,350,Everyone Welcome,3,2,,,,
697,Highline Residences,8300,1130,2018,Condo,3 Kim Tian Road 169279,210,Everyone Welcome,3,2,,,,
698,332C Anchorvale Link,3200,990,2001,HDB,332C Anchorvale Link 543332,230,Everyone Welcome,3,2,,,,
699,The Poiz Residences,3900,527,2019,Condo,8 Meyappa Chettiar Road 358472,90,Everyone Welcome,1,1,Yes,,,
700,31 Ghim Moh Link,4000,990,2017,HDB,31 Ghim Moh Link 271031,370,Everyone Welcome,3,2,,,,
701,317B Anchorvale Road,3300,1001,2002,HDB,317B Anchorvale Road 542317,260,Everyone Welcome,3,2,,,,
702,408 Jurong West Street 42,3200,1108,1984,HDB,408 Jurong West Street 42 640408,690,Everyone Welcome,3,2,,,,
703,Sky Vue,4900,743,2017,Condo,1 Bishan Street 15 573910,210,Everyone Welcome,2,2,,,,
704,5 Room (5I) HDB for Rent in 424 Canberra Road,3500,1184,-,HDB,424 Canberra Road 750424,548,Everyone Welcome,3,2,,,,
705,4 Room (4A) HDB for Rent in 131B Lorong 1 Toa Payoh,5000,1001,2018,HDB,131B Lorong 1 Toa Payoh 312131,347,Everyone Welcome,3,2,,,,
706,Common Room (HDB) for Rent in 183C Woodlands Street 13,900,100,2019,HDB,183C Woodlands Street 13 733183,377,Everyone Welcome,1,0,Yes,,,
707,Common Room (HDB) for Rent in 633 Pasir Ris Drive 3,850,150,-,HDB,633 Pasir Ris Drive 3 510633,576,Everyone Welcome,1,0,Yes,,,
708,Common Room (HDB) for Rent in 607 Yishun Street 61,850,180,1987,HDB,607 Yishun Street 61 760607,536,Everyone Welcome,1,0,Yes,,,
709,Common Room (HDB) for Rent in 288C Compassvale Crescent,1100,150,2017,HDB,288C Compassvale Crescent 543288,484,Everyone Welcome,1,0,Yes,,,
710,Common Room (HDB) for Rent in 638 Pasir Ris Drive 1,500,80,-,HDB,638 Pasir Ris Drive 1 510638,778,Everyone Welcome,1,0,Yes,,,
711,Executive HDB for Rent in 333 Tampines Street 32,4098,1603,-,HDB,333 Tampines Street 32 520333,704,Everyone Welcome,3,2,,,,
712,4 Room (4NG) HDB for Rent in 108 Yishun Ring Road,3400,1044,-,HDB,108 Yishun Ring Road 760108,733,Everyone Welcome,3,2,,,,
713,5 Room (5I) HDB for Rent in 493 Admiralty Link,3300,1184,2004,HDB,493 Admiralty Link 750493,906,Everyone Welcome,2,2,,,,
714,Klimt Cairnhill,7600,893,2025,Condo,71 Cairnhill Road 229725,441,Everyone Welcome,2,2,,,,
715,The Palette,1400,170,2016,Condo,113 Pasir Ris Grove,740,Everyone Welcome,1,0,Yes,,,
716,Cassia View,1100,100,2001,Condo,320 Guillemard Road,600,Everyone Welcome,1,1,Yes,,,
717,La Casa,3500,980,2008,Executive Condo,64 Woodlands Drive 16 737894,754,Everyone Welcome,2,2,,,,
718,North Park Residences,4200,700,-,Condo,15 Yishun Central 1,540,Everyone Welcome,2,2,,,,
719,Phoenix Residences,1800,300,2024,Condo,79 Phoenix Avenue · 668382,349,Everyone Welcome,1,0,Yes,,,
720,Phoenix Residences,4000,721,2024,Condo,83 Phoenix Avenue 668384,344,Everyone Welcome,2,2,,,,
721,One-North Residences,4180,1259,2009,Condo,7 One-North Gateway,370,Everyone Welcome,1,1,Yes,,,
722,One Pearl Bank,4680,560,2024,Condo,1 Pearl Bank,185,Everyone Welcome,1,1,Yes,,,
723,Maple Leaf Elite 1,5200,935,2023,Condo,120 Rangoon Rd,328,Everyone Welcome,2,2,,,,
724,261D Sengkang East Way,3900,1259,2001,HDB,261D Sengkang East Way,231,Everyone Welcome,3,2,,,,
725,183C Woodlands Street 13,900,100,2019,HDB,183C Woodlands St 13,377,Everyone Welcome,1,0,Yes,,,
726,Kim Sia Court,1600,200,1970,Condo,1 Jalan Jintan,239,Everyone Welcome,1,0,Yes,,,
727,142 Bishan Street 12,4188,904,1987,HDB,142 Bishan St 12,828,Everyone Welcome,3,2,,,,
728,321 Serangoon Avenue 2,4500,1450,-,HDB,321 Serangoon Ave 2,341,Everyone Welcome,3,2,,,,
729,Citylights,5900,947,2007,Condo,80 Jellicoe Rd,120,Everyone Welcome,2,2,,,,
730,The Interlace,9000,2260,2013,Condo,180 Depot Rd,530,Everyone Welcome,3,3,,,,
